type,title,time
Gastroscope,Gastroscope_2019-05-15T03:35,2019-05-15T03:35
Gastroscope,Gastroscope_2019-02-08T20:39,2019-02-08T20:39
Gastroscope,Gastroscope_2017-02-18T09:06,2017-02-18T09:06
Gastroscope,Gastroscope_2018-04-15T17:51,2018-04-15T17:51
Gastroscope,Gastroscope_2019-08-02T12:07,2019-08-02T12:07
Gastroscope,Gastroscope_2018-01-21T10:10,2018-01-21T10:10
Gastroscope,Gastroscope_2017-07-11T08:49,2017-07-11T08:49
Gastroscope,Gastroscope_2019-02-16T14:30,2019-02-16T14:30
Gastroscope,Gastroscope_2017-07-06T06:39,2017-07-06T06:39
Gastroscope,Gastroscope_2018-01-12T03:33,2018-01-12T03:33
Gastroscope,Gastroscope_2018-11-12T11:07,2018-11-12T11:07
Gastroscope,Gastroscope_2018-03-14T21:22,2018-03-14T21:22
Gastroscope,Gastroscope_2017-03-02T16:31,2017-03-02T16:31
Gastroscope,Gastroscope_2017-03-03T16:09,2017-03-03T16:09
Gastroscope,Gastroscope_2019-03-13T18:48,2019-03-13T18:48
Gastroscope,Gastroscope_2019-08-01T11:20,2019-08-01T11:20
Gastroscope,Gastroscope_2018-03-26T21:38,2018-03-26T21:38
Gastroscope,Gastroscope_2017-11-09T14:32,2017-11-09T14:32
Gastroscope,Gastroscope_2017-01-21T19:30,2017-01-21T19:30
Gastroscope,Gastroscope_2019-04-05T16:32,2019-04-05T16:32
Gastroscope,Gastroscope_2017-11-19T17:58,2017-11-19T17:58
Gastroscope,Gastroscope_2018-02-08T18:08,2018-02-08T18:08
Gastroscope,Gastroscope_2017-11-02T23:45,2017-11-02T23:45
Gastroscope,Gastroscope_2018-04-14T19:39,2018-04-14T19:39
Gastroscope,Gastroscope_2019-06-16T05:51,2019-06-16T05:51
Gastroscope,Gastroscope_2017-09-20T00:45,2017-09-20T00:45
Gastroscope,Gastroscope_2018-08-28T04:06,2018-08-28T04:06
Gastroscope,Gastroscope_2019-04-15T16:41,2019-04-15T16:41
Gastroscope,Gastroscope_2017-12-26T11:53,2017-12-26T11:53
Gastroscope,Gastroscope_2019-04-30T12:50,2019-04-30T12:50
Gastroscope,Gastroscope_2019-07-04T22:08,2019-07-04T22:08
Gastroscope,Gastroscope_2018-04-06T22:34,2018-04-06T22:34
Gastroscope,Gastroscope_2019-05-15T13:40,2019-05-15T13:40
Gastroscope,Gastroscope_2019-07-08T20:22,2019-07-08T20:22
Gastroscope,Gastroscope_2019-06-07T09:22,2019-06-07T09:22
Gastroscope,Gastroscope_2017-07-19T13:34,2017-07-19T13:34
Gastroscope,Gastroscope_2017-03-05T11:53,2017-03-05T11:53
Gastroscope,Gastroscope_2017-08-14T04:39,2017-08-14T04:39
Gastroscope,Gastroscope_2018-04-22T21:50,2018-04-22T21:50
Gastroscope,Gastroscope_2017-11-02T12:26,2017-11-02T12:26
Gastroscope,Gastroscope_2019-02-03T14:27,2019-02-03T14:27
Gastroscope,Gastroscope_2017-05-19T22:17,2017-05-19T22:17
Gastroscope,Gastroscope_2018-07-04T19:58,2018-07-04T19:58
Gastroscope,Gastroscope_2017-07-27T23:19,2017-07-27T23:19
Gastroscope,Gastroscope_2018-04-21T05:32,2018-04-21T05:32
Gastroscope,Gastroscope_2017-02-03T11:36,2017-02-03T11:36
Gastroscope,Gastroscope_2018-08-04T16:25,2018-08-04T16:25
Gastroscope,Gastroscope_2018-05-13T09:17,2018-05-13T09:17
Gastroscope,Gastroscope_2018-05-17T23:15,2018-05-17T23:15
Gastroscope,Gastroscope_2017-01-18T22:40,2017-01-18T22:40
Gastroscope,Gastroscope_2019-02-23T19:55,2019-02-23T19:55
Gastroscope,Gastroscope_2017-08-23T19:02,2017-08-23T19:02
Gastroscope,Gastroscope_2017-03-11T01:34,2017-03-11T01:34
Gastroscope,Gastroscope_2018-02-25T17:10,2018-02-25T17:10
Gastroscope,Gastroscope_2019-07-18T18:17,2019-07-18T18:17
Gastroscope,Gastroscope_2018-09-05T19:56,2018-09-05T19:56
Gastroscope,Gastroscope_2019-05-16T11:52,2019-05-16T11:52
Gastroscope,Gastroscope_2018-10-05T16:33,2018-10-05T16:33
Gastroscope,Gastroscope_2017-02-05T05:36,2017-02-05T05:36
Gastroscope,Gastroscope_2018-02-05T04:45,2018-02-05T04:45
Gastroscope,Gastroscope_2017-12-10T06:37,2017-12-10T06:37
Gastroscope,Gastroscope_2019-02-05T08:12,2019-02-05T08:12
Gastroscope,Gastroscope_2018-06-19T19:43,2018-06-19T19:43
Gastroscope,Gastroscope_2018-12-19T15:15,2018-12-19T15:15
Gastroscope,Gastroscope_2017-03-14T04:42,2017-03-14T04:42
Gastroscope,Gastroscope_2017-05-10T03:09,2017-05-10T03:09
Gastroscope,Gastroscope_2019-06-15T05:02,2019-06-15T05:02
Gastroscope,Gastroscope_2017-11-10T14:04,2017-11-10T14:04
Gastroscope,Gastroscope_2019-05-14T03:01,2019-05-14T03:01
Gastroscope,Gastroscope_2019-06-04T17:30,2019-06-04T17:30
Gastroscope,Gastroscope_2017-12-11T05:49,2017-12-11T05:49
Gastroscope,Gastroscope_2018-08-30T18:47,2018-08-30T18:47
Gastroscope,Gastroscope_2019-06-17T22:53,2019-06-17T22:53
Gastroscope,Gastroscope_2017-10-18T05:39,2017-10-18T05:39
Gastroscope,Gastroscope_2017-08-06T15:39,2017-08-06T15:39
Gastroscope,Gastroscope_2018-01-27T18:55,2018-01-27T18:55
Gastroscope,Gastroscope_2017-06-02T18:11,2017-06-02T18:11
Gastroscope,Gastroscope_2019-09-07T02:50,2019-09-07T02:50
Gastroscope,Gastroscope_2018-06-02T11:24,2018-06-02T11:24
Gastroscope,Gastroscope_2017-04-05T11:33,2017-04-05T11:33
Gastroscope,Gastroscope_2019-03-04T12:26,2019-03-04T12:26
Gastroscope,Gastroscope_2017-10-25T21:06,2017-10-25T21:06
Gastroscope,Gastroscope_2019-05-12T06:49,2019-05-12T06:49
Gastroscope,Gastroscope_2019-02-09T12:46,2019-02-09T12:46
Gastroscope,Gastroscope_2018-01-03T12:59,2018-01-03T12:59
Gastroscope,Gastroscope_2018-01-11T19:04,2018-01-11T19:04
Gastroscope,Gastroscope_2018-02-16T21:59,2018-02-16T21:59
Gastroscope,Gastroscope_2017-12-09T20:19,2017-12-09T20:19
Gastroscope,Gastroscope_2018-09-28T08:55,2018-09-28T08:55
Gastroscope,Gastroscope_2019-07-22T09:53,2019-07-22T09:53
Gastroscope,Gastroscope_2019-07-06T09:43,2019-07-06T09:43
Gastroscope,Gastroscope_2019-03-25T07:48,2019-03-25T07:48
Gastroscope,Gastroscope_2019-04-24T12:22,2019-04-24T12:22
Gastroscope,Gastroscope_2019-01-17T17:00,2019-01-17T17:00
Gastroscope,Gastroscope_2019-02-26T02:34,2019-02-26T02:34
Gastroscope,Gastroscope_2019-06-25T07:04,2019-06-25T07:04
Gastroscope,Gastroscope_2018-02-23T19:36,2018-02-23T19:36
Gastroscope,Gastroscope_2017-07-10T11:44,2017-07-10T11:44
Gastroscope,Gastroscope_2018-04-01T11:41,2018-04-01T11:41
Gastroscope,Gastroscope_2019-04-16T18:36,2019-04-16T18:36
Gastroscope,Gastroscope_2018-04-13T06:34,2018-04-13T06:34
Gastroscope,Gastroscope_2017-09-01T02:31,2017-09-01T02:31
Gastroscope,Gastroscope_2019-08-20T18:39,2019-08-20T18:39
Gastroscope,Gastroscope_2018-06-05T23:29,2018-06-05T23:29
Gastroscope,Gastroscope_2017-03-03T11:39,2017-03-03T11:39
Gastroscope,Gastroscope_2017-06-26T23:31,2017-06-26T23:31
Gastroscope,Gastroscope_2017-05-19T14:31,2017-05-19T14:31
Gastroscope,Gastroscope_2017-01-13T01:08,2017-01-13T01:08
Gastroscope,Gastroscope_2018-10-20T00:34,2018-10-20T00:34
Gastroscope,Gastroscope_2017-06-25T23:04,2017-06-25T23:04
Gastroscope,Gastroscope_2017-11-09T22:17,2017-11-09T22:17
Gastroscope,Gastroscope_2017-10-13T17:55,2017-10-13T17:55
Gastroscope,Gastroscope_2019-05-22T04:03,2019-05-22T04:03
Gastroscope,Gastroscope_2019-04-16T21:16,2019-04-16T21:16
Gastroscope,Gastroscope_2018-12-22T09:25,2018-12-22T09:25
Gastroscope,Gastroscope_2017-11-05T19:28,2017-11-05T19:28
Gastroscope,Gastroscope_2019-01-17T18:06,2019-01-17T18:06
Gastroscope,Gastroscope_2018-07-10T05:27,2018-07-10T05:27
Gastroscope,Gastroscope_2018-01-26T08:38,2018-01-26T08:38
Gastroscope,Gastroscope_2019-02-19T01:10,2019-02-19T01:10
Gastroscope,Gastroscope_2018-05-02T03:02,2018-05-02T03:02
Gastroscope,Gastroscope_2018-02-28T07:15,2018-02-28T07:15
Gastroscope,Gastroscope_2018-12-10T01:50,2018-12-10T01:50
Gastroscope,Gastroscope_2019-02-13T20:25,2019-02-13T20:25
Gastroscope,Gastroscope_2019-06-11T03:57,2019-06-11T03:57
Gastroscope,Gastroscope_2018-06-17T18:06,2018-06-17T18:06
Gastroscope,Gastroscope_2017-12-19T22:02,2017-12-19T22:02
Gastroscope,Gastroscope_2017-07-13T07:56,2017-07-13T07:56
Gastroscope,Gastroscope_2018-03-30T08:02,2018-03-30T08:02
Gastroscope,Gastroscope_2017-03-25T20:19,2017-03-25T20:19
Gastroscope,Gastroscope_2017-02-20T04:51,2017-02-20T04:51
Gastroscope,Gastroscope_2019-03-16T18:46,2019-03-16T18:46
Gastroscope,Gastroscope_2017-11-08T00:25,2017-11-08T00:25
Gastroscope,Gastroscope_2019-05-13T01:54,2019-05-13T01:54
Gastroscope,Gastroscope_2019-01-13T00:25,2019-01-13T00:25
Gastroscope,Gastroscope_2018-08-16T04:07,2018-08-16T04:07
Gastroscope,Gastroscope_2017-10-18T23:47,2017-10-18T23:47
Gastroscope,Gastroscope_2018-03-04T14:33,2018-03-04T14:33
Gastroscope,Gastroscope_2018-08-27T16:41,2018-08-27T16:41
Gastroscope,Gastroscope_2018-03-11T17:42,2018-03-11T17:42
Gastroscope,Gastroscope_2017-07-19T22:31,2017-07-19T22:31
Gastroscope,Gastroscope_2017-01-30T11:40,2017-01-30T11:40
Gastroscope,Gastroscope_2017-06-05T14:32,2017-06-05T14:32
Gastroscope,Gastroscope_2019-08-14T02:01,2019-08-14T02:01
Gastroscope,Gastroscope_2018-08-18T17:29,2018-08-18T17:29
Gastroscope,Gastroscope_2017-10-08T12:12,2017-10-08T12:12
Gastroscope,Gastroscope_2019-08-15T07:14,2019-08-15T07:14
Gastroscope,Gastroscope_2017-10-23T09:57,2017-10-23T09:57
Gastroscope,Gastroscope_2017-05-05T22:31,2017-05-05T22:31
Gastroscope,Gastroscope_2018-08-04T17:54,2018-08-04T17:54
Gastroscope,Gastroscope_2018-01-11T14:30,2018-01-11T14:30
Gastroscope,Gastroscope_2018-03-14T05:18,2018-03-14T05:18
Gastroscope,Gastroscope_2019-03-15T21:17,2019-03-15T21:17
Gastroscope,Gastroscope_2017-06-07T00:30,2017-06-07T00:30
Gastroscope,Gastroscope_2017-04-20T23:15,2017-04-20T23:15
Gastroscope,Gastroscope_2019-03-23T03:40,2019-03-23T03:40
Gastroscope,Gastroscope_2019-09-17T19:28,2019-09-17T19:28
Gastroscope,Gastroscope_2018-02-01T12:04,2018-02-01T12:04
Gastroscope,Gastroscope_2017-11-10T09:41,2017-11-10T09:41
Gastroscope,Gastroscope_2017-04-22T21:58,2017-04-22T21:58
Gastroscope,Gastroscope_2019-04-17T09:53,2019-04-17T09:53
Gastroscope,Gastroscope_2017-03-16T22:00,2017-03-16T22:00
Gastroscope,Gastroscope_2019-06-01T04:15,2019-06-01T04:15
Gastroscope,Gastroscope_2019-07-09T06:29,2019-07-09T06:29
Gastroscope,Gastroscope_2018-10-29T11:25,2018-10-29T11:25
Gastroscope,Gastroscope_2018-02-22T04:17,2018-02-22T04:17
Gastroscope,Gastroscope_2018-09-20T06:15,2018-09-20T06:15
Gastroscope,Gastroscope_2018-02-07T05:27,2018-02-07T05:27
Gastroscope,Gastroscope_2019-02-17T22:14,2019-02-17T22:14
Gastroscope,Gastroscope_2018-07-28T21:33,2018-07-28T21:33
Gastroscope,Gastroscope_2017-07-05T05:13,2017-07-05T05:13
Gastroscope,Gastroscope_2017-12-11T01:05,2017-12-11T01:05
Gastroscope,Gastroscope_2019-01-05T10:46,2019-01-05T10:46
Gastroscope,Gastroscope_2017-02-16T17:11,2017-02-16T17:11
Gastroscope,Gastroscope_2019-02-02T20:08,2019-02-02T20:08
Gastroscope,Gastroscope_2019-02-14T18:35,2019-02-14T18:35
Gastroscope,Gastroscope_2019-02-20T08:59,2019-02-20T08:59
Gastroscope,Gastroscope_2019-06-14T07:07,2019-06-14T07:07
Gastroscope,Gastroscope_2019-01-12T22:27,2019-01-12T22:27
Gastroscope,Gastroscope_2018-01-08T16:20,2018-01-08T16:20
Gastroscope,Gastroscope_2018-07-03T05:56,2018-07-03T05:56
Gastroscope,Gastroscope_2019-06-03T18:44,2019-06-03T18:44
Gastroscope,Gastroscope_2017-08-08T13:26,2017-08-08T13:26
Gastroscope,Gastroscope_2019-05-08T13:59,2019-05-08T13:59
Gastroscope,Gastroscope_2019-08-24T20:16,2019-08-24T20:16
Gastroscope,Gastroscope_2019-01-26T23:49,2019-01-26T23:49
Gastroscope,Gastroscope_2018-04-02T11:39,2018-04-02T11:39
Gastroscope,Gastroscope_2017-08-13T17:26,2017-08-13T17:26
Gastroscope,Gastroscope_2019-08-13T01:56,2019-08-13T01:56
Gastroscope,Gastroscope_2017-06-09T11:51,2017-06-09T11:51
Gastroscope,Gastroscope_2017-12-11T10:19,2017-12-11T10:19
Gastroscope,Gastroscope_2017-01-12T14:44,2017-01-12T14:44
Gastroscope,Gastroscope_2019-07-03T06:33,2019-07-03T06:33
Gastroscope,Gastroscope_2019-02-11T10:28,2019-02-11T10:28
Gastroscope,Gastroscope_2018-11-06T11:48,2018-11-06T11:48
Gastroscope,Gastroscope_2018-10-28T04:07,2018-10-28T04:07
Gastroscope,Gastroscope_2017-08-23T11:04,2017-08-23T11:04
Gastroscope,Gastroscope_2018-04-30T23:59,2018-04-30T23:59
Gastroscope,Gastroscope_2017-10-14T17:20,2017-10-14T17:20
Gastroscope,Gastroscope_2017-05-11T13:36,2017-05-11T13:36
Gastroscope,Gastroscope_2017-12-12T22:09,2017-12-12T22:09
Gastroscope,Gastroscope_2019-08-04T13:17,2019-08-04T13:17
Gastroscope,Gastroscope_2018-12-06T16:59,2018-12-06T16:59
Gastroscope,Gastroscope_2018-10-26T09:46,2018-10-26T09:46
Gastroscope,Gastroscope_2017-10-27T11:14,2017-10-27T11:14
Gastroscope,Gastroscope_2019-02-02T19:33,2019-02-02T19:33
Gastroscope,Gastroscope_2017-02-28T12:35,2017-02-28T12:35
Gastroscope,Gastroscope_2018-03-02T17:42,2018-03-02T17:42
Gastroscope,Gastroscope_2018-09-05T08:31,2018-09-05T08:31
Gastroscope,Gastroscope_2018-02-21T03:32,2018-02-21T03:32
Gastroscope,Gastroscope_2017-02-20T00:53,2017-02-20T00:53
Gastroscope,Gastroscope_2017-01-01T14:28,2017-01-01T14:28
Gastroscope,Gastroscope_2018-11-03T06:15,2018-11-03T06:15
Gastroscope,Gastroscope_2017-08-17T16:09,2017-08-17T16:09
Gastroscope,Gastroscope_2018-01-28T08:26,2018-01-28T08:26
Gastroscope,Gastroscope_2017-06-08T14:20,2017-06-08T14:20
Gastroscope,Gastroscope_2018-04-03T18:33,2018-04-03T18:33
Gastroscope,Gastroscope_2019-04-07T12:44,2019-04-07T12:44
Gastroscope,Gastroscope_2018-04-04T15:11,2018-04-04T15:11
Gastroscope,Gastroscope_2019-03-16T10:29,2019-03-16T10:29
Gastroscope,Gastroscope_2018-08-02T19:57,2018-08-02T19:57
Gastroscope,Gastroscope_2019-05-11T04:14,2019-05-11T04:14
Gastroscope,Gastroscope_2019-09-17T08:37,2019-09-17T08:37
Gastroscope,Gastroscope_2019-03-13T15:56,2019-03-13T15:56
Gastroscope,Gastroscope_2017-01-18T12:57,2017-01-18T12:57
Gastroscope,Gastroscope_2019-06-17T23:00,2019-06-17T23:00
Gastroscope,Gastroscope_2019-09-06T00:40,2019-09-06T00:40
Gastroscope,Gastroscope_2019-09-27T22:45,2019-09-27T22:45
Gastroscope,Gastroscope_2019-02-26T11:48,2019-02-26T11:48
Gastroscope,Gastroscope_2017-01-18T06:19,2017-01-18T06:19
Gastroscope,Gastroscope_2018-01-18T19:27,2018-01-18T19:27
Gastroscope,Gastroscope_2018-06-30T10:05,2018-06-30T10:05
Gastroscope,Gastroscope_2018-10-15T16:05,2018-10-15T16:05
Gastroscope,Gastroscope_2019-03-14T07:18,2019-03-14T07:18
Gastroscope,Gastroscope_2017-04-15T01:52,2017-04-15T01:52
Gastroscope,Gastroscope_2019-01-27T23:35,2019-01-27T23:35
Gastroscope,Gastroscope_2019-07-08T07:00,2019-07-08T07:00
Gastroscope,Gastroscope_2017-05-04T00:54,2017-05-04T00:54
Gastroscope,Gastroscope_2017-06-20T11:13,2017-06-20T11:13
Gastroscope,Gastroscope_2018-09-27T18:35,2018-09-27T18:35
Gastroscope,Gastroscope_2018-09-05T03:44,2018-09-05T03:44
Gastroscope,Gastroscope_2019-05-18T10:40,2019-05-18T10:40
Gastroscope,Gastroscope_2019-05-16T06:23,2019-05-16T06:23
Gastroscope,Gastroscope_2019-03-27T18:43,2019-03-27T18:43
Gastroscope,Gastroscope_2018-02-04T09:38,2018-02-04T09:38
Gastroscope,Gastroscope_2019-05-18T17:04,2019-05-18T17:04
Gastroscope,Gastroscope_2017-06-08T16:04,2017-06-08T16:04
Gastroscope,Gastroscope_2019-07-29T21:02,2019-07-29T21:02
Gastroscope,Gastroscope_2019-02-09T23:16,2019-02-09T23:16
Gastroscope,Gastroscope_2019-05-09T16:36,2019-05-09T16:36
Gastroscope,Gastroscope_2017-06-12T07:55,2017-06-12T07:55
Gastroscope,Gastroscope_2019-06-01T09:15,2019-06-01T09:15
Gastroscope,Gastroscope_2019-07-18T09:40,2019-07-18T09:40
Gastroscope,Gastroscope_2019-09-01T13:40,2019-09-01T13:40
Gastroscope,Gastroscope_2019-05-13T22:24,2019-05-13T22:24
Gastroscope,Gastroscope_2018-06-23T16:03,2018-06-23T16:03
Gastroscope,Gastroscope_2017-08-26T16:50,2017-08-26T16:50
Gastroscope,Gastroscope_2019-08-18T20:09,2019-08-18T20:09
Gastroscope,Gastroscope_2018-04-16T13:56,2018-04-16T13:56
Gastroscope,Gastroscope_2018-01-21T17:23,2018-01-21T17:23
Gastroscope,Gastroscope_2019-02-21T16:01,2019-02-21T16:01
Gastroscope,Gastroscope_2017-12-01T02:49,2017-12-01T02:49
Gastroscope,Gastroscope_2017-05-29T01:23,2017-05-29T01:23
Gastroscope,Gastroscope_2019-05-21T04:37,2019-05-21T04:37
Gastroscope,Gastroscope_2019-06-25T03:22,2019-06-25T03:22
Gastroscope,Gastroscope_2018-06-21T09:58,2018-06-21T09:58
Gastroscope,Gastroscope_2019-05-25T07:23,2019-05-25T07:23
Gastroscope,Gastroscope_2019-04-27T16:01,2019-04-27T16:01
Gastroscope,Gastroscope_2019-07-18T14:18,2019-07-18T14:18
Gastroscope,Gastroscope_2017-01-04T08:51,2017-01-04T08:51
Gastroscope,Gastroscope_2018-06-26T10:11,2018-06-26T10:11
Gastroscope,Gastroscope_2019-04-09T21:13,2019-04-09T21:13
Gastroscope,Gastroscope_2018-01-12T17:33,2018-01-12T17:33
Gastroscope,Gastroscope_2018-08-08T05:00,2018-08-08T05:00
Gastroscope,Gastroscope_2017-02-19T18:43,2017-02-19T18:43
Gastroscope,Gastroscope_2019-05-08T04:16,2019-05-08T04:16
Gastroscope,Gastroscope_2017-02-21T15:22,2017-02-21T15:22
Gastroscope,Gastroscope_2018-02-23T08:45,2018-02-23T08:45
Gastroscope,Gastroscope_2019-04-23T02:34,2019-04-23T02:34
Gastroscope,Gastroscope_2017-05-01T06:46,2017-05-01T06:46
Gastroscope,Gastroscope_2019-07-24T02:45,2019-07-24T02:45
Gastroscope,Gastroscope_2017-05-09T14:27,2017-05-09T14:27
Gastroscope,Gastroscope_2018-06-07T23:30,2018-06-07T23:30
Gastroscope,Gastroscope_2017-12-09T01:59,2017-12-09T01:59
Gastroscope,Gastroscope_2019-04-29T13:21,2019-04-29T13:21
Gastroscope,Gastroscope_2019-04-17T07:25,2019-04-17T07:25
Gastroscope,Gastroscope_2018-08-05T15:49,2018-08-05T15:49
Gastroscope,Gastroscope_2017-06-19T04:49,2017-06-19T04:49
Gastroscope,Gastroscope_2018-04-01T23:10,2018-04-01T23:10
Gastroscope,Gastroscope_2017-02-07T01:15,2017-02-07T01:15
Gastroscope,Gastroscope_2018-03-07T22:13,2018-03-07T22:13
Gastroscope,Gastroscope_2019-09-13T17:27,2019-09-13T17:27
Gastroscope,Gastroscope_2018-10-15T14:26,2018-10-15T14:26
Gastroscope,Gastroscope_2019-03-10T04:09,2019-03-10T04:09
Gastroscope,Gastroscope_2019-01-22T09:07,2019-01-22T09:07
Gastroscope,Gastroscope_2018-10-14T19:31,2018-10-14T19:31
Gastroscope,Gastroscope_2018-04-01T07:47,2018-04-01T07:47
Gastroscope,Gastroscope_2019-03-30T07:04,2019-03-30T07:04
Gastroscope,Gastroscope_2017-06-25T00:10,2017-06-25T00:10
Gastroscope,Gastroscope_2019-01-23T17:57,2019-01-23T17:57
Gastroscope,Gastroscope_2018-08-11T12:33,2018-08-11T12:33
Gastroscope,Gastroscope_2017-01-22T19:34,2017-01-22T19:34
Gastroscope,Gastroscope_2019-08-12T19:59,2019-08-12T19:59
Gastroscope,Gastroscope_2019-04-16T18:25,2019-04-16T18:25
Gastroscope,Gastroscope_2018-07-09T19:12,2018-07-09T19:12
Gastroscope,Gastroscope_2018-07-18T22:59,2018-07-18T22:59
Gastroscope,Gastroscope_2017-08-29T20:16,2017-08-29T20:16
Gastroscope,Gastroscope_2019-01-03T10:22,2019-01-03T10:22
Gastroscope,Gastroscope_2019-02-20T21:28,2019-02-20T21:28
Gastroscope,Gastroscope_2019-07-20T18:13,2019-07-20T18:13
Gastroscope,Gastroscope_2018-04-30T04:52,2018-04-30T04:52
Gastroscope,Gastroscope_2019-01-26T06:03,2019-01-26T06:03
Gastroscope,Gastroscope_2019-01-17T06:37,2019-01-17T06:37
Gastroscope,Gastroscope_2017-01-28T22:33,2017-01-28T22:33
Gastroscope,Gastroscope_2019-05-20T14:55,2019-05-20T14:55
Gastroscope,Gastroscope_2019-01-20T18:06,2019-01-20T18:06
Gastroscope,Gastroscope_2019-03-26T22:44,2019-03-26T22:44
Gastroscope,Gastroscope_2017-06-16T06:54,2017-06-16T06:54
Gastroscope,Gastroscope_2019-04-11T09:23,2019-04-11T09:23
Gastroscope,Gastroscope_2018-01-12T04:20,2018-01-12T04:20
Gastroscope,Gastroscope_2018-09-20T19:23,2018-09-20T19:23
Gastroscope,Gastroscope_2017-03-15T14:21,2017-03-15T14:21
Gastroscope,Gastroscope_2018-05-11T04:34,2018-05-11T04:34
Gastroscope,Gastroscope_2017-01-26T22:25,2017-01-26T22:25
Gastroscope,Gastroscope_2019-07-24T09:29,2019-07-24T09:29
Gastroscope,Gastroscope_2019-06-24T13:44,2019-06-24T13:44
Gastroscope,Gastroscope_2017-07-24T18:42,2017-07-24T18:42
Gastroscope,Gastroscope_2019-05-02T05:05,2019-05-02T05:05
Gastroscope,Gastroscope_2017-08-09T12:31,2017-08-09T12:31
Gastroscope,Gastroscope_2019-02-08T16:32,2019-02-08T16:32
Gastroscope,Gastroscope_2017-01-18T02:35,2017-01-18T02:35
Gastroscope,Gastroscope_2019-08-17T22:12,2019-08-17T22:12
Gastroscope,Gastroscope_2018-08-24T12:23,2018-08-24T12:23
Gastroscope,Gastroscope_2019-06-23T07:42,2019-06-23T07:42
Gastroscope,Gastroscope_2017-03-14T19:17,2017-03-14T19:17
Gastroscope,Gastroscope_2017-03-15T04:17,2017-03-15T04:17
Gastroscope,Gastroscope_2017-07-18T14:30,2017-07-18T14:30
Gastroscope,Gastroscope_2019-07-26T21:05,2019-07-26T21:05
Gastroscope,Gastroscope_2019-04-24T18:07,2019-04-24T18:07
Gastroscope,Gastroscope_2017-02-27T01:45,2017-02-27T01:45
Gastroscope,Gastroscope_2019-07-11T17:14,2019-07-11T17:14
Gastroscope,Gastroscope_2017-05-22T07:21,2017-05-22T07:21
Gastroscope,Gastroscope_2019-02-03T23:12,2019-02-03T23:12
Gastroscope,Gastroscope_2018-01-13T04:02,2018-01-13T04:02
Gastroscope,Gastroscope_2017-10-11T16:40,2017-10-11T16:40
Gastroscope,Gastroscope_2017-11-11T12:00,2017-11-11T12:00
Gastroscope,Gastroscope_2019-05-19T21:27,2019-05-19T21:27
Gastroscope,Gastroscope_2018-08-04T10:34,2018-08-04T10:34
Gastroscope,Gastroscope_2018-04-03T00:23,2018-04-03T00:23
Gastroscope,Gastroscope_2017-10-11T19:28,2017-10-11T19:28
Gastroscope,Gastroscope_2019-05-06T08:55,2019-05-06T08:55
Gastroscope,Gastroscope_2019-09-15T08:26,2019-09-15T08:26
Gastroscope,Gastroscope_2019-06-19T17:02,2019-06-19T17:02
Gastroscope,Gastroscope_2018-10-05T22:08,2018-10-05T22:08
Gastroscope,Gastroscope_2018-09-03T18:24,2018-09-03T18:24
Gastroscope,Gastroscope_2019-07-02T13:19,2019-07-02T13:19
Gastroscope,Gastroscope_2018-10-01T03:03,2018-10-01T03:03
Gastroscope,Gastroscope_2018-03-28T03:33,2018-03-28T03:33
Gastroscope,Gastroscope_2018-06-08T17:29,2018-06-08T17:29
Gastroscope,Gastroscope_2019-09-29T10:22,2019-09-29T10:22
Gastroscope,Gastroscope_2019-03-23T17:39,2019-03-23T17:39
Gastroscope,Gastroscope_2017-10-01T21:43,2017-10-01T21:43
Gastroscope,Gastroscope_2017-11-19T19:06,2017-11-19T19:06
Gastroscope,Gastroscope_2019-08-22T14:32,2019-08-22T14:32
Gastroscope,Gastroscope_2018-12-05T06:31,2018-12-05T06:31
Gastroscope,Gastroscope_2019-01-03T05:18,2019-01-03T05:18
Gastroscope,Gastroscope_2018-01-24T08:20,2018-01-24T08:20
Gastroscope,Gastroscope_2017-10-15T02:16,2017-10-15T02:16
Gastroscope,Gastroscope_2018-07-08T15:14,2018-07-08T15:14
Gastroscope,Gastroscope_2018-05-18T09:41,2018-05-18T09:41
Gastroscope,Gastroscope_2018-07-09T18:14,2018-07-09T18:14
Gastroscope,Gastroscope_2019-04-20T10:51,2019-04-20T10:51
Gastroscope,Gastroscope_2019-04-19T23:15,2019-04-19T23:15
Gastroscope,Gastroscope_2018-09-12T14:52,2018-09-12T14:52
Gastroscope,Gastroscope_2018-02-22T14:18,2018-02-22T14:18
Gastroscope,Gastroscope_2018-03-07T19:31,2018-03-07T19:31
Gastroscope,Gastroscope_2018-08-21T05:22,2018-08-21T05:22
Gastroscope,Gastroscope_2017-03-28T16:08,2017-03-28T16:08
Gastroscope,Gastroscope_2018-05-12T17:39,2018-05-12T17:39
Gastroscope,Gastroscope_2017-11-28T01:36,2017-11-28T01:36
Gastroscope,Gastroscope_2019-06-30T19:17,2019-06-30T19:17
Gastroscope,Gastroscope_2018-05-01T19:35,2018-05-01T19:35
Gastroscope,Gastroscope_2018-04-06T19:44,2018-04-06T19:44
Gastroscope,Gastroscope_2017-07-14T15:43,2017-07-14T15:43
Gastroscope,Gastroscope_2019-04-28T21:53,2019-04-28T21:53
Gastroscope,Gastroscope_2019-01-13T20:07,2019-01-13T20:07
Gastroscope,Gastroscope_2019-02-21T04:23,2019-02-21T04:23
Gastroscope,Gastroscope_2019-08-01T08:50,2019-08-01T08:50
Gastroscope,Gastroscope_2019-06-28T00:39,2019-06-28T00:39
Gastroscope,Gastroscope_2018-11-16T18:10,2018-11-16T18:10
Gastroscope,Gastroscope_2018-11-09T15:47,2018-11-09T15:47
Gastroscope,Gastroscope_2018-01-24T12:53,2018-01-24T12:53
Gastroscope,Gastroscope_2019-07-10T22:44,2019-07-10T22:44
Gastroscope,Gastroscope_2019-06-17T17:12,2019-06-17T17:12
Gastroscope,Gastroscope_2019-05-20T07:30,2019-05-20T07:30
Gastroscope,Gastroscope_2019-05-21T21:45,2019-05-21T21:45
Gastroscope,Gastroscope_2017-09-25T02:46,2017-09-25T02:46
Gastroscope,Gastroscope_2017-07-03T00:20,2017-07-03T00:20
Gastroscope,Gastroscope_2018-03-03T00:47,2018-03-03T00:47
Gastroscope,Gastroscope_2019-01-05T06:51,2019-01-05T06:51
Gastroscope,Gastroscope_2019-09-21T13:26,2019-09-21T13:26
Gastroscope,Gastroscope_2019-05-09T13:24,2019-05-09T13:24
Gastroscope,Gastroscope_2019-02-10T10:54,2019-02-10T10:54
Gastroscope,Gastroscope_2019-07-25T08:45,2019-07-25T08:45
Gastroscope,Gastroscope_2017-01-20T15:31,2017-01-20T15:31
Gastroscope,Gastroscope_2017-06-04T10:16,2017-06-04T10:16
Gastroscope,Gastroscope_2017-05-10T02:11,2017-05-10T02:11
Gastroscope,Gastroscope_2019-04-24T00:40,2019-04-24T00:40
Gastroscope,Gastroscope_2018-12-20T20:24,2018-12-20T20:24
Gastroscope,Gastroscope_2017-02-25T17:16,2017-02-25T17:16
Gastroscope,Gastroscope_2018-11-18T16:19,2018-11-18T16:19
Gastroscope,Gastroscope_2019-09-13T00:06,2019-09-13T00:06
Gastroscope,Gastroscope_2018-07-23T11:51,2018-07-23T11:51
Gastroscope,Gastroscope_2017-01-17T06:41,2017-01-17T06:41
Gastroscope,Gastroscope_2019-09-14T10:32,2019-09-14T10:32
Gastroscope,Gastroscope_2018-12-03T16:02,2018-12-03T16:02
Gastroscope,Gastroscope_2018-06-01T01:01,2018-06-01T01:01
Gastroscope,Gastroscope_2019-08-14T00:54,2019-08-14T00:54
Gastroscope,Gastroscope_2018-02-21T00:09,2018-02-21T00:09
Gastroscope,Gastroscope_2018-02-07T23:15,2018-02-07T23:15
Gastroscope,Gastroscope_2017-01-30T15:24,2017-01-30T15:24
Gastroscope,Gastroscope_2017-06-26T18:46,2017-06-26T18:46
Gastroscope,Gastroscope_2019-05-21T13:29,2019-05-21T13:29
Gastroscope,Gastroscope_2019-04-17T12:33,2019-04-17T12:33
Gastroscope,Gastroscope_2017-06-21T09:29,2017-06-21T09:29
Gastroscope,Gastroscope_2019-04-17T07:36,2019-04-17T07:36
Gastroscope,Gastroscope_2017-12-19T07:45,2017-12-19T07:45
Gastroscope,Gastroscope_2018-03-01T12:29,2018-03-01T12:29
Gastroscope,Gastroscope_2018-07-23T22:34,2018-07-23T22:34
Gastroscope,Gastroscope_2018-07-26T18:54,2018-07-26T18:54
Gastroscope,Gastroscope_2018-03-24T11:38,2018-03-24T11:38
Gastroscope,Gastroscope_2018-06-01T20:14,2018-06-01T20:14
Gastroscope,Gastroscope_2018-07-08T23:26,2018-07-08T23:26
Gastroscope,Gastroscope_2017-12-07T03:30,2017-12-07T03:30
Gastroscope,Gastroscope_2019-08-13T01:45,2019-08-13T01:45
Gastroscope,Gastroscope_2018-09-22T16:00,2018-09-22T16:00
Gastroscope,Gastroscope_2018-05-03T10:12,2018-05-03T10:12
Gastroscope,Gastroscope_2019-01-01T17:02,2019-01-01T17:02
Gastroscope,Gastroscope_2017-08-12T21:05,2017-08-12T21:05
Gastroscope,Gastroscope_2018-09-21T16:16,2018-09-21T16:16
Gastroscope,Gastroscope_2018-01-26T18:06,2018-01-26T18:06
Gastroscope,Gastroscope_2017-07-23T09:18,2017-07-23T09:18
Gastroscope,Gastroscope_2017-11-15T10:31,2017-11-15T10:31
Gastroscope,Gastroscope_2017-04-10T01:26,2017-04-10T01:26
Gastroscope,Gastroscope_2018-10-02T08:11,2018-10-02T08:11
Gastroscope,Gastroscope_2019-08-12T09:26,2019-08-12T09:26
Gastroscope,Gastroscope_2017-09-29T06:30,2017-09-29T06:30
Gastroscope,Gastroscope_2019-05-08T15:35,2019-05-08T15:35
Gastroscope,Gastroscope_2018-04-20T12:10,2018-04-20T12:10
Gastroscope,Gastroscope_2017-03-23T14:16,2017-03-23T14:16
Gastroscope,Gastroscope_2018-11-18T13:22,2018-11-18T13:22
Gastroscope,Gastroscope_2017-03-21T21:40,2017-03-21T21:40
Gastroscope,Gastroscope_2018-08-26T03:56,2018-08-26T03:56
Gastroscope,Gastroscope_2018-02-10T21:38,2018-02-10T21:38
Gastroscope,Gastroscope_2017-02-27T22:15,2017-02-27T22:15
Gastroscope,Gastroscope_2018-07-01T21:52,2018-07-01T21:52
Gastroscope,Gastroscope_2019-01-26T09:50,2019-01-26T09:50
Gastroscope,Gastroscope_2019-03-19T03:47,2019-03-19T03:47
Gastroscope,Gastroscope_2019-05-25T02:27,2019-05-25T02:27
Gastroscope,Gastroscope_2019-06-16T14:00,2019-06-16T14:00
Gastroscope,Gastroscope_2019-03-16T08:53,2019-03-16T08:53
Gastroscope,Gastroscope_2019-02-16T13:54,2019-02-16T13:54
Gastroscope,Gastroscope_2017-11-17T00:29,2017-11-17T00:29
Gastroscope,Gastroscope_2018-02-24T08:22,2018-02-24T08:22
Gastroscope,Gastroscope_2018-02-11T05:18,2018-02-11T05:18
Gastroscope,Gastroscope_2017-06-26T15:58,2017-06-26T15:58
Gastroscope,Gastroscope_2018-01-30T21:28,2018-01-30T21:28
Gastroscope,Gastroscope_2018-11-14T21:18,2018-11-14T21:18
Gastroscope,Gastroscope_2019-09-26T12:33,2019-09-26T12:33
Gastroscope,Gastroscope_2018-10-27T11:10,2018-10-27T11:10
Gastroscope,Gastroscope_2017-12-26T07:25,2017-12-26T07:25
Gastroscope,Gastroscope_2017-03-30T19:29,2017-03-30T19:29
Gastroscope,Gastroscope_2018-09-19T19:13,2018-09-19T19:13
Gastroscope,Gastroscope_2019-04-26T03:21,2019-04-26T03:21
Gastroscope,Gastroscope_2017-11-25T21:31,2017-11-25T21:31
Gastroscope,Gastroscope_2019-02-13T19:24,2019-02-13T19:24
Gastroscope,Gastroscope_2018-08-30T16:01,2018-08-30T16:01
Gastroscope,Gastroscope_2017-12-21T21:33,2017-12-21T21:33
Gastroscope,Gastroscope_2017-01-05T02:55,2017-01-05T02:55
Gastroscope,Gastroscope_2019-03-09T13:55,2019-03-09T13:55
Gastroscope,Gastroscope_2018-05-28T21:44,2018-05-28T21:44
Gastroscope,Gastroscope_2018-11-10T07:00,2018-11-10T07:00
Gastroscope,Gastroscope_2018-06-14T07:19,2018-06-14T07:19
Gastroscope,Gastroscope_2019-05-04T22:03,2019-05-04T22:03
Gastroscope,Gastroscope_2017-09-06T21:53,2017-09-06T21:53
Gastroscope,Gastroscope_2018-02-21T18:54,2018-02-21T18:54
Gastroscope,Gastroscope_2019-05-10T20:47,2019-05-10T20:47
Gastroscope,Gastroscope_2017-02-13T16:43,2017-02-13T16:43
Gastroscope,Gastroscope_2018-07-13T01:17,2018-07-13T01:17
Gastroscope,Gastroscope_2018-08-10T14:46,2018-08-10T14:46
Gastroscope,Gastroscope_2018-05-28T13:05,2018-05-28T13:05
Gastroscope,Gastroscope_2019-09-23T23:21,2019-09-23T23:21
Gastroscope,Gastroscope_2018-01-14T08:22,2018-01-14T08:22
Gastroscope,Gastroscope_2017-03-03T13:19,2017-03-03T13:19
Gastroscope,Gastroscope_2019-03-27T05:36,2019-03-27T05:36
Gastroscope,Gastroscope_2019-09-16T02:42,2019-09-16T02:42
Gastroscope,Gastroscope_2018-07-08T16:26,2018-07-08T16:26
Gastroscope,Gastroscope_2018-12-29T21:42,2018-12-29T21:42
Gastroscope,Gastroscope_2017-06-10T05:49,2017-06-10T05:49
Gastroscope,Gastroscope_2019-02-20T19:26,2019-02-20T19:26
Gastroscope,Gastroscope_2017-02-04T07:52,2017-02-04T07:52
Gastroscope,Gastroscope_2018-09-28T16:58,2018-09-28T16:58
Gastroscope,Gastroscope_2017-11-02T05:25,2017-11-02T05:25
Gastroscope,Gastroscope_2019-08-12T14:49,2019-08-12T14:49
Gastroscope,Gastroscope_2019-07-29T21:37,2019-07-29T21:37
Gastroscope,Gastroscope_2019-07-17T10:44,2019-07-17T10:44
Gastroscope,Gastroscope_2017-06-13T23:24,2017-06-13T23:24
Gastroscope,Gastroscope_2018-10-10T21:07,2018-10-10T21:07
Gastroscope,Gastroscope_2019-06-21T17:59,2019-06-21T17:59
Gastroscope,Gastroscope_2018-11-23T17:49,2018-11-23T17:49
Gastroscope,Gastroscope_2019-06-27T01:33,2019-06-27T01:33
Gastroscope,Gastroscope_2017-07-10T10:40,2017-07-10T10:40
Gastroscope,Gastroscope_2018-07-11T12:29,2018-07-11T12:29
Gastroscope,Gastroscope_2018-03-01T02:13,2018-03-01T02:13
Gastroscope,Gastroscope_2019-01-09T00:01,2019-01-09T00:01
Gastroscope,Gastroscope_2018-09-17T18:09,2018-09-17T18:09
Gastroscope,Gastroscope_2017-11-21T01:36,2017-11-21T01:36
Gastroscope,Gastroscope_2018-11-24T06:16,2018-11-24T06:16
Gastroscope,Gastroscope_2018-09-02T19:11,2018-09-02T19:11
Gastroscope,Gastroscope_2018-07-23T20:11,2018-07-23T20:11
Gastroscope,Gastroscope_2017-01-18T16:23,2017-01-18T16:23
Gastroscope,Gastroscope_2019-04-05T11:34,2019-04-05T11:34
Gastroscope,Gastroscope_2019-08-07T09:45,2019-08-07T09:45
Gastroscope,Gastroscope_2018-01-24T09:34,2018-01-24T09:34
Gastroscope,Gastroscope_2018-06-13T17:00,2018-06-13T17:00
Gastroscope,Gastroscope_2019-07-27T18:35,2019-07-27T18:35
Gastroscope,Gastroscope_2019-03-28T04:46,2019-03-28T04:46
Gastroscope,Gastroscope_2017-07-15T10:52,2017-07-15T10:52
Gastroscope,Gastroscope_2017-12-21T01:02,2017-12-21T01:02
Gastroscope,Gastroscope_2017-11-06T09:53,2017-11-06T09:53
Gastroscope,Gastroscope_2018-11-12T22:53,2018-11-12T22:53
Gastroscope,Gastroscope_2019-08-24T07:24,2019-08-24T07:24
Gastroscope,Gastroscope_2017-08-18T02:56,2017-08-18T02:56
Gastroscope,Gastroscope_2018-12-24T22:49,2018-12-24T22:49
Gastroscope,Gastroscope_2019-04-04T22:58,2019-04-04T22:58
Gastroscope,Gastroscope_2018-12-21T13:39,2018-12-21T13:39
Gastroscope,Gastroscope_2017-06-14T14:14,2017-06-14T14:14
Gastroscope,Gastroscope_2018-05-16T16:51,2018-05-16T16:51
Gastroscope,Gastroscope_2019-06-13T23:11,2019-06-13T23:11
Gastroscope,Gastroscope_2019-07-24T03:48,2019-07-24T03:48
Gastroscope,Gastroscope_2018-04-20T06:30,2018-04-20T06:30
Gastroscope,Gastroscope_2017-08-15T22:22,2017-08-15T22:22
Gastroscope,Gastroscope_2017-05-11T11:20,2017-05-11T11:20
Gastroscope,Gastroscope_2019-04-10T13:26,2019-04-10T13:26
Gastroscope,Gastroscope_2019-03-29T21:07,2019-03-29T21:07
Gastroscope,Gastroscope_2018-01-02T07:21,2018-01-02T07:21
Gastroscope,Gastroscope_2017-06-15T07:03,2017-06-15T07:03
Gastroscope,Gastroscope_2019-05-10T18:13,2019-05-10T18:13
Gastroscope,Gastroscope_2017-08-21T08:34,2017-08-21T08:34
Gastroscope,Gastroscope_2017-09-27T01:49,2017-09-27T01:49
Gastroscope,Gastroscope_2019-01-30T11:46,2019-01-30T11:46
Gastroscope,Gastroscope_2018-01-21T08:01,2018-01-21T08:01
Gastroscope,Gastroscope_2017-02-13T23:01,2017-02-13T23:01
Gastroscope,Gastroscope_2019-02-02T01:26,2019-02-02T01:26
Gastroscope,Gastroscope_2017-10-15T20:51,2017-10-15T20:51
Gastroscope,Gastroscope_2018-12-07T04:34,2018-12-07T04:34
Gastroscope,Gastroscope_2019-07-10T08:29,2019-07-10T08:29
Gastroscope,Gastroscope_2018-10-15T11:10,2018-10-15T11:10
Gastroscope,Gastroscope_2018-11-26T11:48,2018-11-26T11:48
Gastroscope,Gastroscope_2017-10-11T11:47,2017-10-11T11:47
Gastroscope,Gastroscope_2018-11-19T19:52,2018-11-19T19:52
Gastroscope,Gastroscope_2018-03-15T04:26,2018-03-15T04:26
Gastroscope,Gastroscope_2019-02-10T00:16,2019-02-10T00:16
Gastroscope,Gastroscope_2017-06-15T20:16,2017-06-15T20:16
Gastroscope,Gastroscope_2018-12-01T16:22,2018-12-01T16:22
Gastroscope,Gastroscope_2017-10-05T11:43,2017-10-05T11:43
Gastroscope,Gastroscope_2018-10-10T04:34,2018-10-10T04:34
Gastroscope,Gastroscope_2018-02-13T08:34,2018-02-13T08:34
Gastroscope,Gastroscope_2017-04-10T18:14,2017-04-10T18:14
Gastroscope,Gastroscope_2017-11-11T08:24,2017-11-11T08:24
Gastroscope,Gastroscope_2019-03-26T10:33,2019-03-26T10:33
Gastroscope,Gastroscope_2018-02-17T06:05,2018-02-17T06:05
Gastroscope,Gastroscope_2018-10-05T07:58,2018-10-05T07:58
Gastroscope,Gastroscope_2019-08-24T22:04,2019-08-24T22:04
Gastroscope,Gastroscope_2018-08-19T12:38,2018-08-19T12:38
Gastroscope,Gastroscope_2019-05-22T09:36,2019-05-22T09:36
Gastroscope,Gastroscope_2018-01-25T13:12,2018-01-25T13:12
Gastroscope,Gastroscope_2018-04-22T10:03,2018-04-22T10:03
Gastroscope,Gastroscope_2017-10-01T21:59,2017-10-01T21:59
Gastroscope,Gastroscope_2018-06-15T01:33,2018-06-15T01:33
Gastroscope,Gastroscope_2019-09-11T21:27,2019-09-11T21:27
Gastroscope,Gastroscope_2019-04-24T18:46,2019-04-24T18:46
Gastroscope,Gastroscope_2019-09-13T02:36,2019-09-13T02:36
Gastroscope,Gastroscope_2017-02-10T19:17,2017-02-10T19:17
Gastroscope,Gastroscope_2019-01-20T16:29,2019-01-20T16:29
Gastroscope,Gastroscope_2018-10-25T13:21,2018-10-25T13:21
Gastroscope,Gastroscope_2018-04-28T04:08,2018-04-28T04:08
Gastroscope,Gastroscope_2018-02-10T12:03,2018-02-10T12:03
Gastroscope,Gastroscope_2018-02-14T15:16,2018-02-14T15:16
Gastroscope,Gastroscope_2018-04-10T13:10,2018-04-10T13:10
Gastroscope,Gastroscope_2019-02-10T05:36,2019-02-10T05:36
Gastroscope,Gastroscope_2019-04-04T04:25,2019-04-04T04:25
Gastroscope,Gastroscope_2018-07-15T11:40,2018-07-15T11:40
Gastroscope,Gastroscope_2019-04-13T11:44,2019-04-13T11:44
Gastroscope,Gastroscope_2018-02-21T18:01,2018-02-21T18:01
Gastroscope,Gastroscope_2017-06-09T23:32,2017-06-09T23:32
Gastroscope,Gastroscope_2018-04-08T02:43,2018-04-08T02:43
Gastroscope,Gastroscope_2017-07-06T19:31,2017-07-06T19:31
Gastroscope,Gastroscope_2019-07-20T13:34,2019-07-20T13:34
Gastroscope,Gastroscope_2017-11-17T20:44,2017-11-17T20:44
Gastroscope,Gastroscope_2018-02-03T20:55,2018-02-03T20:55
Gastroscope,Gastroscope_2019-03-13T10:35,2019-03-13T10:35
Gastroscope,Gastroscope_2019-03-24T01:27,2019-03-24T01:27
Gastroscope,Gastroscope_2019-08-23T07:32,2019-08-23T07:32
Gastroscope,Gastroscope_2018-02-23T23:28,2018-02-23T23:28
Gastroscope,Gastroscope_2017-07-22T02:58,2017-07-22T02:58
Gastroscope,Gastroscope_2018-02-17T10:29,2018-02-17T10:29
Gastroscope,Gastroscope_2018-08-12T18:38,2018-08-12T18:38
Gastroscope,Gastroscope_2019-09-21T22:57,2019-09-21T22:57
Gastroscope,Gastroscope_2018-04-13T22:29,2018-04-13T22:29
Gastroscope,Gastroscope_2019-01-24T21:36,2019-01-24T21:36
Gastroscope,Gastroscope_2017-10-02T21:18,2017-10-02T21:18
Gastroscope,Gastroscope_2019-07-11T06:13,2019-07-11T06:13
Gastroscope,Gastroscope_2018-10-15T03:48,2018-10-15T03:48
Gastroscope,Gastroscope_2017-07-22T14:27,2017-07-22T14:27
Gastroscope,Gastroscope_2019-06-20T04:30,2019-06-20T04:30
Gastroscope,Gastroscope_2019-03-02T17:47,2019-03-02T17:47
Gastroscope,Gastroscope_2017-09-21T12:15,2017-09-21T12:15
Gastroscope,Gastroscope_2019-07-17T16:52,2019-07-17T16:52
Gastroscope,Gastroscope_2018-08-03T05:49,2018-08-03T05:49
Gastroscope,Gastroscope_2019-09-28T02:18,2019-09-28T02:18
Gastroscope,Gastroscope_2018-09-20T03:32,2018-09-20T03:32
Gastroscope,Gastroscope_2018-06-23T22:12,2018-06-23T22:12
Gastroscope,Gastroscope_2017-03-05T10:15,2017-03-05T10:15
Gastroscope,Gastroscope_2019-08-01T18:38,2019-08-01T18:38
Gastroscope,Gastroscope_2018-05-02T14:56,2018-05-02T14:56
Gastroscope,Gastroscope_2018-09-19T10:28,2018-09-19T10:28
Gastroscope,Gastroscope_2019-03-05T13:30,2019-03-05T13:30
Gastroscope,Gastroscope_2018-07-06T08:27,2018-07-06T08:27
Gastroscope,Gastroscope_2018-09-18T02:15,2018-09-18T02:15
Gastroscope,Gastroscope_2019-05-18T21:17,2019-05-18T21:17
Gastroscope,Gastroscope_2019-05-03T15:06,2019-05-03T15:06
Gastroscope,Gastroscope_2019-09-13T00:23,2019-09-13T00:23
Gastroscope,Gastroscope_2019-07-22T04:18,2019-07-22T04:18
Gastroscope,Gastroscope_2017-03-26T12:28,2017-03-26T12:28
Gastroscope,Gastroscope_2019-05-20T05:50,2019-05-20T05:50
Gastroscope,Gastroscope_2019-03-14T12:21,2019-03-14T12:21
Gastroscope,Gastroscope_2019-08-06T08:04,2019-08-06T08:04
Gastroscope,Gastroscope_2018-08-10T12:19,2018-08-10T12:19
Gastroscope,Gastroscope_2019-09-03T07:23,2019-09-03T07:23
Gastroscope,Gastroscope_2018-06-24T07:41,2018-06-24T07:41
Gastroscope,Gastroscope_2017-12-10T03:50,2017-12-10T03:50
Gastroscope,Gastroscope_2018-04-25T22:27,2018-04-25T22:27
Gastroscope,Gastroscope_2019-04-12T02:58,2019-04-12T02:58
Gastroscope,Gastroscope_2017-08-10T07:01,2017-08-10T07:01
Gastroscope,Gastroscope_2017-01-02T19:34,2017-01-02T19:34
Gastroscope,Gastroscope_2018-08-15T08:03,2018-08-15T08:03
Gastroscope,Gastroscope_2017-12-02T11:58,2017-12-02T11:58
Gastroscope,Gastroscope_2017-09-02T05:42,2017-09-02T05:42
Gastroscope,Gastroscope_2017-10-04T14:36,2017-10-04T14:36
Gastroscope,Gastroscope_2018-02-22T06:59,2018-02-22T06:59
Gastroscope,Gastroscope_2019-04-08T18:07,2019-04-08T18:07
Gastroscope,Gastroscope_2017-09-14T12:24,2017-09-14T12:24
Gastroscope,Gastroscope_2018-06-12T16:20,2018-06-12T16:20
Gastroscope,Gastroscope_2019-09-08T14:25,2019-09-08T14:25
Gastroscope,Gastroscope_2017-01-12T14:06,2017-01-12T14:06
Gastroscope,Gastroscope_2019-04-10T08:21,2019-04-10T08:21
Gastroscope,Gastroscope_2017-01-27T02:26,2017-01-27T02:26
Gastroscope,Gastroscope_2017-09-18T17:41,2017-09-18T17:41
Gastroscope,Gastroscope_2018-02-07T14:35,2018-02-07T14:35
Gastroscope,Gastroscope_2019-06-22T12:22,2019-06-22T12:22
Gastroscope,Gastroscope_2018-05-27T20:45,2018-05-27T20:45
Gastroscope,Gastroscope_2018-12-04T20:13,2018-12-04T20:13
Gastroscope,Gastroscope_2018-04-15T21:57,2018-04-15T21:57
Gastroscope,Gastroscope_2018-05-28T19:18,2018-05-28T19:18
Gastroscope,Gastroscope_2019-04-29T19:08,2019-04-29T19:08
Gastroscope,Gastroscope_2019-03-09T19:58,2019-03-09T19:58
Gastroscope,Gastroscope_2017-07-03T21:19,2017-07-03T21:19
Gastroscope,Gastroscope_2017-05-07T00:56,2017-05-07T00:56
Gastroscope,Gastroscope_2019-04-28T12:58,2019-04-28T12:58
Gastroscope,Gastroscope_2019-07-23T10:03,2019-07-23T10:03
Gastroscope,Gastroscope_2018-01-28T16:43,2018-01-28T16:43
Gastroscope,Gastroscope_2018-11-16T07:18,2018-11-16T07:18
Gastroscope,Gastroscope_2018-05-17T04:37,2018-05-17T04:37
Gastroscope,Gastroscope_2017-02-03T13:08,2017-02-03T13:08
Gastroscope,Gastroscope_2019-03-14T14:48,2019-03-14T14:48
Gastroscope,Gastroscope_2017-06-02T14:00,2017-06-02T14:00
Gastroscope,Gastroscope_2018-06-26T14:01,2018-06-26T14:01
Gastroscope,Gastroscope_2019-08-17T09:43,2019-08-17T09:43
Gastroscope,Gastroscope_2017-04-14T15:14,2017-04-14T15:14
Gastroscope,Gastroscope_2019-08-29T18:28,2019-08-29T18:28
Gastroscope,Gastroscope_2018-02-08T17:01,2018-02-08T17:01
Gastroscope,Gastroscope_2018-07-25T05:44,2018-07-25T05:44
Gastroscope,Gastroscope_2019-04-20T13:51,2019-04-20T13:51
Gastroscope,Gastroscope_2017-01-02T14:15,2017-01-02T14:15
Gastroscope,Gastroscope_2018-04-17T14:08,2018-04-17T14:08
Gastroscope,Gastroscope_2017-03-21T11:43,2017-03-21T11:43
Gastroscope,Gastroscope_2018-02-17T17:58,2018-02-17T17:58
Gastroscope,Gastroscope_2019-06-03T20:29,2019-06-03T20:29
Gastroscope,Gastroscope_2017-09-07T10:16,2017-09-07T10:16
Gastroscope,Gastroscope_2018-11-28T08:53,2018-11-28T08:53
Gastroscope,Gastroscope_2018-08-16T04:22,2018-08-16T04:22
Gastroscope,Gastroscope_2019-01-08T15:31,2019-01-08T15:31
Gastroscope,Gastroscope_2018-09-27T19:57,2018-09-27T19:57
Gastroscope,Gastroscope_2019-03-09T22:10,2019-03-09T22:10
Gastroscope,Gastroscope_2017-01-30T16:13,2017-01-30T16:13
Gastroscope,Gastroscope_2019-09-18T10:25,2019-09-18T10:25
Gastroscope,Gastroscope_2018-06-08T11:40,2018-06-08T11:40
Gastroscope,Gastroscope_2019-06-12T17:55,2019-06-12T17:55
Gastroscope,Gastroscope_2017-09-05T03:41,2017-09-05T03:41
Gastroscope,Gastroscope_2018-04-06T23:55,2018-04-06T23:55
Gastroscope,Gastroscope_2017-03-15T01:21,2017-03-15T01:21
Gastroscope,Gastroscope_2017-05-14T03:09,2017-05-14T03:09
Gastroscope,Gastroscope_2018-09-23T12:48,2018-09-23T12:48
Gastroscope,Gastroscope_2017-05-21T11:01,2017-05-21T11:01
Gastroscope,Gastroscope_2019-02-02T23:18,2019-02-02T23:18
Gastroscope,Gastroscope_2019-04-06T03:48,2019-04-06T03:48
Gastroscope,Gastroscope_2018-02-13T06:41,2018-02-13T06:41
Gastroscope,Gastroscope_2018-07-30T04:09,2018-07-30T04:09
Gastroscope,Gastroscope_2018-07-28T19:42,2018-07-28T19:42
Gastroscope,Gastroscope_2019-02-01T04:39,2019-02-01T04:39
Gastroscope,Gastroscope_2019-04-04T02:59,2019-04-04T02:59
Gastroscope,Gastroscope_2018-03-26T15:02,2018-03-26T15:02
Gastroscope,Gastroscope_2019-07-04T22:39,2019-07-04T22:39
Gastroscope,Gastroscope_2018-08-05T07:35,2018-08-05T07:35
Gastroscope,Gastroscope_2017-04-01T02:36,2017-04-01T02:36
Gastroscope,Gastroscope_2017-07-28T08:13,2017-07-28T08:13
Gastroscope,Gastroscope_2017-04-21T23:44,2017-04-21T23:44
Gastroscope,Gastroscope_2018-09-24T15:51,2018-09-24T15:51
Gastroscope,Gastroscope_2019-07-26T08:15,2019-07-26T08:15
Gastroscope,Gastroscope_2017-10-14T13:52,2017-10-14T13:52
Gastroscope,Gastroscope_2017-09-23T03:44,2017-09-23T03:44
Gastroscope,Gastroscope_2019-01-20T10:23,2019-01-20T10:23
Gastroscope,Gastroscope_2019-07-06T08:33,2019-07-06T08:33
Gastroscope,Gastroscope_2019-02-09T00:54,2019-02-09T00:54
Gastroscope,Gastroscope_2018-06-10T10:56,2018-06-10T10:56
Gastroscope,Gastroscope_2019-08-24T12:42,2019-08-24T12:42
Gastroscope,Gastroscope_2018-03-30T03:18,2018-03-30T03:18
Gastroscope,Gastroscope_2017-11-17T04:35,2017-11-17T04:35
Gastroscope,Gastroscope_2018-10-26T08:26,2018-10-26T08:26
Gastroscope,Gastroscope_2019-09-17T23:34,2019-09-17T23:34
Gastroscope,Gastroscope_2017-01-30T17:13,2017-01-30T17:13
Gastroscope,Gastroscope_2017-03-18T05:35,2017-03-18T05:35
Gastroscope,Gastroscope_2017-09-02T02:22,2017-09-02T02:22
Gastroscope,Gastroscope_2017-01-16T15:00,2017-01-16T15:00
Gastroscope,Gastroscope_2017-06-19T08:06,2017-06-19T08:06
Gastroscope,Gastroscope_2017-12-15T04:46,2017-12-15T04:46
Gastroscope,Gastroscope_2019-01-22T15:56,2019-01-22T15:56
Gastroscope,Gastroscope_2017-12-14T05:48,2017-12-14T05:48
Gastroscope,Gastroscope_2018-12-02T00:24,2018-12-02T00:24
Gastroscope,Gastroscope_2017-01-12T23:21,2017-01-12T23:21
Gastroscope,Gastroscope_2018-02-09T13:52,2018-02-09T13:52
Gastroscope,Gastroscope_2018-04-30T19:50,2018-04-30T19:50
Gastroscope,Gastroscope_2017-11-04T11:01,2017-11-04T11:01
Gastroscope,Gastroscope_2017-05-24T17:26,2017-05-24T17:26
Gastroscope,Gastroscope_2018-06-10T19:53,2018-06-10T19:53
Gastroscope,Gastroscope_2018-02-15T13:00,2018-02-15T13:00
Gastroscope,Gastroscope_2018-05-26T16:02,2018-05-26T16:02
Gastroscope,Gastroscope_2018-02-15T07:25,2018-02-15T07:25
Gastroscope,Gastroscope_2019-04-09T21:10,2019-04-09T21:10
Gastroscope,Gastroscope_2017-10-12T09:34,2017-10-12T09:34
Gastroscope,Gastroscope_2018-05-10T01:52,2018-05-10T01:52
Gastroscope,Gastroscope_2018-12-04T07:13,2018-12-04T07:13
Gastroscope,Gastroscope_2017-09-26T09:57,2017-09-26T09:57
Gastroscope,Gastroscope_2017-03-16T21:25,2017-03-16T21:25
Gastroscope,Gastroscope_2018-05-10T18:05,2018-05-10T18:05
Gastroscope,Gastroscope_2018-03-29T20:50,2018-03-29T20:50
Gastroscope,Gastroscope_2018-02-02T18:51,2018-02-02T18:51
Gastroscope,Gastroscope_2017-06-19T22:23,2017-06-19T22:23
Gastroscope,Gastroscope_2019-06-09T06:19,2019-06-09T06:19
Gastroscope,Gastroscope_2018-10-21T13:38,2018-10-21T13:38
Gastroscope,Gastroscope_2019-09-03T02:50,2019-09-03T02:50
Gastroscope,Gastroscope_2019-02-28T22:45,2019-02-28T22:45
Gastroscope,Gastroscope_2018-11-10T08:39,2018-11-10T08:39
Gastroscope,Gastroscope_2017-08-03T22:09,2017-08-03T22:09
Gastroscope,Gastroscope_2017-04-28T08:50,2017-04-28T08:50
Gastroscope,Gastroscope_2019-04-30T19:59,2019-04-30T19:59
Gastroscope,Gastroscope_2019-01-05T17:47,2019-01-05T17:47
Gastroscope,Gastroscope_2017-11-03T21:03,2017-11-03T21:03
Gastroscope,Gastroscope_2017-04-27T05:29,2017-04-27T05:29
Gastroscope,Gastroscope_2018-01-10T01:10,2018-01-10T01:10
Gastroscope,Gastroscope_2018-06-14T06:44,2018-06-14T06:44
Gastroscope,Gastroscope_2019-01-24T23:34,2019-01-24T23:34
Gastroscope,Gastroscope_2018-04-22T21:17,2018-04-22T21:17
Gastroscope,Gastroscope_2018-08-01T13:31,2018-08-01T13:31
Gastroscope,Gastroscope_2017-01-09T07:54,2017-01-09T07:54
Gastroscope,Gastroscope_2017-12-24T11:35,2017-12-24T11:35
Gastroscope,Gastroscope_2017-08-19T20:28,2017-08-19T20:28
Gastroscope,Gastroscope_2017-08-29T03:24,2017-08-29T03:24
Gastroscope,Gastroscope_2017-09-24T11:29,2017-09-24T11:29
Gastroscope,Gastroscope_2019-08-20T07:08,2019-08-20T07:08
Gastroscope,Gastroscope_2019-07-23T08:48,2019-07-23T08:48
Gastroscope,Gastroscope_2018-04-21T14:01,2018-04-21T14:01
Gastroscope,Gastroscope_2019-03-29T22:18,2019-03-29T22:18
Gastroscope,Gastroscope_2019-04-05T09:00,2019-04-05T09:00
Gastroscope,Gastroscope_2019-07-23T09:17,2019-07-23T09:17
Gastroscope,Gastroscope_2019-06-16T06:02,2019-06-16T06:02
Gastroscope,Gastroscope_2018-06-14T12:10,2018-06-14T12:10
Gastroscope,Gastroscope_2018-08-07T02:23,2018-08-07T02:23
Gastroscope,Gastroscope_2017-10-30T11:08,2017-10-30T11:08
Gastroscope,Gastroscope_2019-09-14T06:05,2019-09-14T06:05
Gastroscope,Gastroscope_2018-12-15T13:27,2018-12-15T13:27
Gastroscope,Gastroscope_2019-04-20T13:56,2019-04-20T13:56
Gastroscope,Gastroscope_2017-07-08T11:35,2017-07-08T11:35
Gastroscope,Gastroscope_2018-05-01T15:23,2018-05-01T15:23
Gastroscope,Gastroscope_2018-04-27T07:28,2018-04-27T07:28
Gastroscope,Gastroscope_2019-04-23T05:11,2019-04-23T05:11
Gastroscope,Gastroscope_2018-03-10T15:54,2018-03-10T15:54
Gastroscope,Gastroscope_2018-06-21T09:45,2018-06-21T09:45
Gastroscope,Gastroscope_2017-07-24T17:23,2017-07-24T17:23
Gastroscope,Gastroscope_2018-05-20T17:48,2018-05-20T17:48
Gastroscope,Gastroscope_2017-07-16T00:19,2017-07-16T00:19
Gastroscope,Gastroscope_2019-03-20T21:05,2019-03-20T21:05
Gastroscope,Gastroscope_2019-05-14T14:19,2019-05-14T14:19
Gastroscope,Gastroscope_2017-01-10T07:41,2017-01-10T07:41
Gastroscope,Gastroscope_2019-06-28T07:08,2019-06-28T07:08
Gastroscope,Gastroscope_2017-07-13T12:49,2017-07-13T12:49
Gastroscope,Gastroscope_2018-02-13T20:21,2018-02-13T20:21
Gastroscope,Gastroscope_2017-09-16T19:49,2017-09-16T19:49
Gastroscope,Gastroscope_2017-06-23T04:40,2017-06-23T04:40
Gastroscope,Gastroscope_2017-10-29T23:32,2017-10-29T23:32
Gastroscope,Gastroscope_2019-01-23T18:01,2019-01-23T18:01
Gastroscope,Gastroscope_2017-04-20T01:52,2017-04-20T01:52
Gastroscope,Gastroscope_2019-06-14T16:57,2019-06-14T16:57
Gastroscope,Gastroscope_2017-11-12T19:11,2017-11-12T19:11
Gastroscope,Gastroscope_2017-04-09T23:36,2017-04-09T23:36
Gastroscope,Gastroscope_2017-02-17T20:03,2017-02-17T20:03
Gastroscope,Gastroscope_2017-02-28T11:35,2017-02-28T11:35
Gastroscope,Gastroscope_2018-12-24T14:55,2018-12-24T14:55
Gastroscope,Gastroscope_2018-05-21T19:57,2018-05-21T19:57
Gastroscope,Gastroscope_2017-08-28T00:25,2017-08-28T00:25
Gastroscope,Gastroscope_2017-11-25T00:27,2017-11-25T00:27
Gastroscope,Gastroscope_2017-05-07T17:00,2017-05-07T17:00
Gastroscope,Gastroscope_2018-04-16T08:04,2018-04-16T08:04
Gastroscope,Gastroscope_2019-03-10T12:09,2019-03-10T12:09
Gastroscope,Gastroscope_2019-02-20T16:58,2019-02-20T16:58
Gastroscope,Gastroscope_2018-06-22T15:44,2018-06-22T15:44
Gastroscope,Gastroscope_2019-05-09T00:40,2019-05-09T00:40
Gastroscope,Gastroscope_2018-12-22T10:10,2018-12-22T10:10
Gastroscope,Gastroscope_2018-04-20T11:10,2018-04-20T11:10
Gastroscope,Gastroscope_2017-03-01T00:01,2017-03-01T00:01
Gastroscope,Gastroscope_2018-02-18T19:51,2018-02-18T19:51
Gastroscope,Gastroscope_2018-05-22T02:50,2018-05-22T02:50
Gastroscope,Gastroscope_2018-11-16T08:32,2018-11-16T08:32
Gastroscope,Gastroscope_2019-02-09T20:30,2019-02-09T20:30
Gastroscope,Gastroscope_2019-09-21T21:55,2019-09-21T21:55
Gastroscope,Gastroscope_2018-07-27T03:25,2018-07-27T03:25
Gastroscope,Gastroscope_2018-08-21T19:08,2018-08-21T19:08
Gastroscope,Gastroscope_2018-09-17T04:37,2018-09-17T04:37
Gastroscope,Gastroscope_2017-06-24T19:31,2017-06-24T19:31
Gastroscope,Gastroscope_2017-02-26T14:11,2017-02-26T14:11
Gastroscope,Gastroscope_2019-01-18T10:48,2019-01-18T10:48
Gastroscope,Gastroscope_2018-11-23T13:24,2018-11-23T13:24
Gastroscope,Gastroscope_2017-07-09T03:54,2017-07-09T03:54
Gastroscope,Gastroscope_2018-08-17T18:12,2018-08-17T18:12
Gastroscope,Gastroscope_2019-04-24T02:47,2019-04-24T02:47
Gastroscope,Gastroscope_2017-01-05T00:29,2017-01-05T00:29
Gastroscope,Gastroscope_2017-11-07T00:04,2017-11-07T00:04
Gastroscope,Gastroscope_2018-06-15T12:44,2018-06-15T12:44
Gastroscope,Gastroscope_2017-05-10T19:14,2017-05-10T19:14
Gastroscope,Gastroscope_2018-07-30T05:47,2018-07-30T05:47
Gastroscope,Gastroscope_2017-04-07T02:15,2017-04-07T02:15
Gastroscope,Gastroscope_2018-08-14T19:02,2018-08-14T19:02
Gastroscope,Gastroscope_2017-09-24T21:47,2017-09-24T21:47
Gastroscope,Gastroscope_2018-10-15T14:43,2018-10-15T14:43
Gastroscope,Gastroscope_2019-03-28T16:33,2019-03-28T16:33
Gastroscope,Gastroscope_2018-02-16T09:00,2018-02-16T09:00
Gastroscope,Gastroscope_2017-04-15T04:12,2017-04-15T04:12
Gastroscope,Gastroscope_2019-06-02T04:08,2019-06-02T04:08
Gastroscope,Gastroscope_2017-10-07T14:44,2017-10-07T14:44
Gastroscope,Gastroscope_2019-02-17T14:08,2019-02-17T14:08
Gastroscope,Gastroscope_2018-09-07T08:32,2018-09-07T08:32
Gastroscope,Gastroscope_2018-06-14T16:21,2018-06-14T16:21
Gastroscope,Gastroscope_2019-02-23T21:08,2019-02-23T21:08
Gastroscope,Gastroscope_2019-07-27T22:00,2019-07-27T22:00
Gastroscope,Gastroscope_2018-04-09T17:44,2018-04-09T17:44
Gastroscope,Gastroscope_2018-03-15T09:42,2018-03-15T09:42
Gastroscope,Gastroscope_2018-07-03T14:26,2018-07-03T14:26
Gastroscope,Gastroscope_2017-11-12T06:26,2017-11-12T06:26
Gastroscope,Gastroscope_2019-03-11T05:11,2019-03-11T05:11
Gastroscope,Gastroscope_2017-01-19T00:32,2017-01-19T00:32
Gastroscope,Gastroscope_2019-06-14T08:06,2019-06-14T08:06
Gastroscope,Gastroscope_2017-03-26T14:55,2017-03-26T14:55
Gastroscope,Gastroscope_2019-09-02T17:30,2019-09-02T17:30
Gastroscope,Gastroscope_2017-12-25T12:38,2017-12-25T12:38
Gastroscope,Gastroscope_2017-07-27T15:32,2017-07-27T15:32
Gastroscope,Gastroscope_2019-03-21T19:55,2019-03-21T19:55
Gastroscope,Gastroscope_2017-08-05T14:17,2017-08-05T14:17
Gastroscope,Gastroscope_2017-07-05T11:00,2017-07-05T11:00
Gastroscope,Gastroscope_2018-02-21T00:22,2018-02-21T00:22
Gastroscope,Gastroscope_2019-04-30T02:29,2019-04-30T02:29
Gastroscope,Gastroscope_2019-06-17T12:02,2019-06-17T12:02
Gastroscope,Gastroscope_2019-08-22T10:54,2019-08-22T10:54
Gastroscope,Gastroscope_2018-12-29T23:30,2018-12-29T23:30
Gastroscope,Gastroscope_2017-02-22T20:07,2017-02-22T20:07
Gastroscope,Gastroscope_2018-06-23T02:34,2018-06-23T02:34
Gastroscope,Gastroscope_2019-05-27T11:57,2019-05-27T11:57
Gastroscope,Gastroscope_2018-11-22T14:39,2018-11-22T14:39
Gastroscope,Gastroscope_2018-05-20T09:39,2018-05-20T09:39
Gastroscope,Gastroscope_2018-10-04T07:33,2018-10-04T07:33
Gastroscope,Gastroscope_2018-03-03T23:12,2018-03-03T23:12
Gastroscope,Gastroscope_2017-09-24T01:01,2017-09-24T01:01
Gastroscope,Gastroscope_2019-02-13T18:16,2019-02-13T18:16
Gastroscope,Gastroscope_2017-11-18T10:26,2017-11-18T10:26
Gastroscope,Gastroscope_2019-03-18T22:33,2019-03-18T22:33
Gastroscope,Gastroscope_2019-04-26T13:54,2019-04-26T13:54
Gastroscope,Gastroscope_2019-07-05T07:50,2019-07-05T07:50
Gastroscope,Gastroscope_2019-06-24T16:34,2019-06-24T16:34
Gastroscope,Gastroscope_2019-06-02T23:06,2019-06-02T23:06
Gastroscope,Gastroscope_2018-01-24T15:26,2018-01-24T15:26
Gastroscope,Gastroscope_2017-06-14T17:04,2017-06-14T17:04
Gastroscope,Gastroscope_2017-04-08T14:28,2017-04-08T14:28
Gastroscope,Gastroscope_2017-10-18T06:24,2017-10-18T06:24
Gastroscope,Gastroscope_2017-01-04T00:00,2017-01-04T00:00
Gastroscope,Gastroscope_2017-04-07T06:12,2017-04-07T06:12
Gastroscope,Gastroscope_2017-02-14T03:40,2017-02-14T03:40
Gastroscope,Gastroscope_2018-10-15T17:13,2018-10-15T17:13
Gastroscope,Gastroscope_2018-10-18T06:20,2018-10-18T06:20
Gastroscope,Gastroscope_2018-08-18T21:43,2018-08-18T21:43
Gastroscope,Gastroscope_2018-08-20T18:45,2018-08-20T18:45
Gastroscope,Gastroscope_2019-08-26T03:30,2019-08-26T03:30
Gastroscope,Gastroscope_2017-12-05T06:38,2017-12-05T06:38
Gastroscope,Gastroscope_2019-09-04T23:51,2019-09-04T23:51
Gastroscope,Gastroscope_2018-02-02T21:09,2018-02-02T21:09
Gastroscope,Gastroscope_2018-03-27T10:48,2018-03-27T10:48
Gastroscope,Gastroscope_2018-11-08T12:30,2018-11-08T12:30
Gastroscope,Gastroscope_2018-06-06T09:35,2018-06-06T09:35
Gastroscope,Gastroscope_2019-07-18T01:24,2019-07-18T01:24
Gastroscope,Gastroscope_2018-01-12T20:24,2018-01-12T20:24
Gastroscope,Gastroscope_2019-03-28T22:32,2019-03-28T22:32
Gastroscope,Gastroscope_2017-12-06T14:57,2017-12-06T14:57
Gastroscope,Gastroscope_2018-05-03T06:00,2018-05-03T06:00
Gastroscope,Gastroscope_2019-03-02T06:09,2019-03-02T06:09
Gastroscope,Gastroscope_2017-04-14T19:12,2017-04-14T19:12
Gastroscope,Gastroscope_2018-04-10T21:31,2018-04-10T21:31
Gastroscope,Gastroscope_2018-07-27T19:01,2018-07-27T19:01
Gastroscope,Gastroscope_2019-09-22T04:41,2019-09-22T04:41
Gastroscope,Gastroscope_2018-01-22T07:08,2018-01-22T07:08
Gastroscope,Gastroscope_2019-06-13T17:56,2019-06-13T17:56
Gastroscope,Gastroscope_2019-02-08T14:24,2019-02-08T14:24
Gastroscope,Gastroscope_2019-06-05T16:05,2019-06-05T16:05
Gastroscope,Gastroscope_2019-06-18T23:32,2019-06-18T23:32
Gastroscope,Gastroscope_2018-11-04T02:12,2018-11-04T02:12
Gastroscope,Gastroscope_2019-04-25T12:41,2019-04-25T12:41
Gastroscope,Gastroscope_2018-10-14T03:08,2018-10-14T03:08
Gastroscope,Gastroscope_2017-10-22T07:04,2017-10-22T07:04
Gastroscope,Gastroscope_2018-01-14T04:44,2018-01-14T04:44
Gastroscope,Gastroscope_2018-11-12T15:18,2018-11-12T15:18
Gastroscope,Gastroscope_2018-04-14T21:41,2018-04-14T21:41
Gastroscope,Gastroscope_2018-01-25T17:57,2018-01-25T17:57
Gastroscope,Gastroscope_2018-12-25T07:52,2018-12-25T07:52
Gastroscope,Gastroscope_2019-07-19T13:17,2019-07-19T13:17
Gastroscope,Gastroscope_2018-10-06T13:13,2018-10-06T13:13
Gastroscope,Gastroscope_2017-05-22T01:13,2017-05-22T01:13
Gastroscope,Gastroscope_2018-10-28T05:56,2018-10-28T05:56
Gastroscope,Gastroscope_2018-09-22T13:09,2018-09-22T13:09
Gastroscope,Gastroscope_2018-02-15T11:53,2018-02-15T11:53
Gastroscope,Gastroscope_2018-08-08T16:48,2018-08-08T16:48
Gastroscope,Gastroscope_2018-04-08T08:14,2018-04-08T08:14
Gastroscope,Gastroscope_2019-07-23T05:26,2019-07-23T05:26
Gastroscope,Gastroscope_2017-07-21T23:30,2017-07-21T23:30
Gastroscope,Gastroscope_2018-06-08T04:59,2018-06-08T04:59
Gastroscope,Gastroscope_2018-05-11T19:22,2018-05-11T19:22
Gastroscope,Gastroscope_2019-08-30T10:57,2019-08-30T10:57
Gastroscope,Gastroscope_2018-12-30T05:33,2018-12-30T05:33
Gastroscope,Gastroscope_2017-10-18T02:54,2017-10-18T02:54
Gastroscope,Gastroscope_2017-11-08T09:51,2017-11-08T09:51
Gastroscope,Gastroscope_2019-09-25T09:09,2019-09-25T09:09
Gastroscope,Gastroscope_2018-08-20T04:53,2018-08-20T04:53
Gastroscope,Gastroscope_2017-08-25T20:01,2017-08-25T20:01
Gastroscope,Gastroscope_2018-06-01T12:48,2018-06-01T12:48
Gastroscope,Gastroscope_2017-09-04T11:37,2017-09-04T11:37
Gastroscope,Gastroscope_2018-11-12T15:57,2018-11-12T15:57
Gastroscope,Gastroscope_2018-09-01T17:35,2018-09-01T17:35
Gastroscope,Gastroscope_2017-09-15T18:53,2017-09-15T18:53
Gastroscope,Gastroscope_2019-08-10T23:13,2019-08-10T23:13
Gastroscope,Gastroscope_2019-02-07T12:39,2019-02-07T12:39
Gastroscope,Gastroscope_2017-04-12T06:16,2017-04-12T06:16
Gastroscope,Gastroscope_2019-06-26T01:22,2019-06-26T01:22
Gastroscope,Gastroscope_2017-11-12T03:56,2017-11-12T03:56
Gastroscope,Gastroscope_2019-08-16T16:45,2019-08-16T16:45
Gastroscope,Gastroscope_2017-11-03T14:04,2017-11-03T14:04
Gastroscope,Gastroscope_2019-07-28T13:00,2019-07-28T13:00
Gastroscope,Gastroscope_2019-03-27T20:47,2019-03-27T20:47
Gastroscope,Gastroscope_2017-03-02T03:04,2017-03-02T03:04
Gastroscope,Gastroscope_2017-01-17T06:45,2017-01-17T06:45
Gastroscope,Gastroscope_2017-03-29T10:17,2017-03-29T10:17
Gastroscope,Gastroscope_2019-07-12T07:34,2019-07-12T07:34
Gastroscope,Gastroscope_2018-10-24T16:21,2018-10-24T16:21
Gastroscope,Gastroscope_2019-08-28T17:44,2019-08-28T17:44
Gastroscope,Gastroscope_2018-11-04T06:28,2018-11-04T06:28
Gastroscope,Gastroscope_2019-04-08T01:53,2019-04-08T01:53
Gastroscope,Gastroscope_2019-08-26T20:36,2019-08-26T20:36
Gastroscope,Gastroscope_2017-01-07T10:33,2017-01-07T10:33
Gastroscope,Gastroscope_2018-02-22T01:49,2018-02-22T01:49
Gastroscope,Gastroscope_2017-02-07T15:20,2017-02-07T15:20
Gastroscope,Gastroscope_2017-05-22T19:43,2017-05-22T19:43
Gastroscope,Gastroscope_2019-03-04T17:42,2019-03-04T17:42
Gastroscope,Gastroscope_2017-02-16T23:02,2017-02-16T23:02
Gastroscope,Gastroscope_2018-09-04T02:50,2018-09-04T02:50
Gastroscope,Gastroscope_2018-02-02T14:21,2018-02-02T14:21
Gastroscope,Gastroscope_2019-04-11T18:19,2019-04-11T18:19
Gastroscope,Gastroscope_2018-03-16T18:50,2018-03-16T18:50
Gastroscope,Gastroscope_2017-01-23T22:48,2017-01-23T22:48
Gastroscope,Gastroscope_2019-04-19T09:42,2019-04-19T09:42
Gastroscope,Gastroscope_2019-01-17T04:58,2019-01-17T04:58
Gastroscope,Gastroscope_2018-07-12T13:22,2018-07-12T13:22
Gastroscope,Gastroscope_2017-02-21T03:47,2017-02-21T03:47
Gastroscope,Gastroscope_2019-02-24T08:13,2019-02-24T08:13
Gastroscope,Gastroscope_2019-09-13T10:18,2019-09-13T10:18
Gait,Gait_Choreiform,2017-10-16T01:55
Gait,Gait_Choreiform,2018-01-13T20:15
Gait,Gait_Hemiplegic,2018-10-05T07:59
Gait,Gait_Hemiplegic,2019-02-06T22:34
Gait,Gait_Parkinsonian,2019-05-08T14:58
Gait,Gait_Ataxic,2018-08-02T14:29
Gait,Gait_Myopathic,2018-12-08T20:54
Gait,Gait_Sensory,2017-03-30T06:18
Gait,Gait_Ataxic,2017-10-07T12:43
Gait,Gait_Neuropathic,2018-11-24T10:39
Gait,Gait_Neuropathic,2018-10-03T06:53
Gait,Gait_Myopathic,2017-10-20T03:33
Gait,Gait_Choreiform,2017-10-21T17:30
Gait,Gait_Ataxic,2017-02-15T10:40
Gait,Gait_Myopathic,2017-07-14T10:04
Gait,Gait_Choreiform,2017-01-22T04:41
Gait,Gait_Hemiplegic,2018-05-26T02:19
Gait,Gait_Myopathic,2017-08-13T02:59
Gait,Gait_Hemiplegic,2019-04-30T11:32
Gait,Gait_Neuropathic,2019-06-15T08:32
Gait,Gait_Hemiplegic,2017-11-28T19:30
Gait,Gait_Diplegic,2017-09-09T23:32
Gait,Gait_Choreiform,2019-01-01T04:52
Gait,Gait_Sensory,2017-12-23T20:21
Gait,Gait_Hemiplegic,2018-08-21T18:34
Gait,Gait_Ataxic,2017-11-01T23:12
Gait,Gait_Myopathic,2018-12-30T20:01
Gait,Gait_Choreiform,2019-06-08T10:11
Gait,Gait_Ataxic,2019-04-10T00:12
Gait,Gait_Neuropathic,2017-06-21T15:42
Gait,Gait_Diplegic,2018-11-16T05:46
Gait,Gait_Diplegic,2018-05-16T22:30
Gait,Gait_Diplegic,2018-03-08T18:31
Gait,Gait_Hemiplegic,2018-01-27T14:22
Gait,Gait_Sensory,2017-12-29T06:03
Gait,Gait_Diplegic,2019-06-26T16:11
Gait,Gait_Sensory,2017-07-03T11:04
Gait,Gait_Sensory,2018-11-08T05:21
Gait,Gait_Choreiform,2019-07-26T22:03
Gait,Gait_Sensory,2019-08-17T12:11
Gait,Gait_Myopathic,2019-05-17T15:52
Gait,Gait_Sensory,2019-08-08T18:53
Gait,Gait_Choreiform,2018-09-26T20:46
Gait,Gait_Diplegic,2019-04-20T00:00
Gait,Gait_Myopathic,2019-07-16T22:50
Gait,Gait_Choreiform,2018-11-26T13:52
Gait,Gait_Hemiplegic,2017-02-05T19:20
Gait,Gait_Hemiplegic,2019-03-04T09:18
Gait,Gait_Neuropathic,2017-06-02T07:43
Gait,Gait_Sensory,2019-05-02T16:07
Gait,Gait_Hemiplegic,2018-08-08T17:35
Gait,Gait_Hemiplegic,2019-04-11T16:25
Gait,Gait_Choreiform,2017-08-15T16:28
Gait,Gait_Hemiplegic,2019-07-25T07:49
Gait,Gait_Parkinsonian,2017-12-08T10:48
Gait,Gait_Ataxic,2017-09-21T03:12
Gait,Gait_Neuropathic,2018-05-29T04:47
Gait,Gait_Diplegic,2018-05-05T02:45
Gait,Gait_Neuropathic,2017-10-01T17:56
Gait,Gait_Diplegic,2019-03-19T22:18
Gait,Gait_Choreiform,2019-01-22T08:21
Gait,Gait_Ataxic,2019-02-23T02:29
Gait,Gait_Neuropathic,2019-07-16T04:49
Gait,Gait_Ataxic,2019-03-27T08:17
Gait,Gait_Diplegic,2017-10-03T15:29
Gait,Gait_Hemiplegic,2019-09-30T00:00
Gait,Gait_Myopathic,2018-11-10T16:20
Gait,Gait_Ataxic,2019-07-28T14:23
Gait,Gait_Ataxic,2018-07-15T12:21
Gait,Gait_Sensory,2018-09-24T00:48
Gait,Gait_Sensory,2018-03-14T16:53
Gait,Gait_Sensory,2018-10-02T17:25
Gait,Gait_Neuropathic,2018-11-02T19:47
Gait,Gait_Choreiform,2017-05-29T07:00
Gait,Gait_Hemiplegic,2018-12-24T13:45
Gait,Gait_Sensory,2018-10-06T23:02
Gait,Gait_Myopathic,2017-06-09T04:25
Gait,Gait_Hemiplegic,2018-04-26T13:47
Gait,Gait_Neuropathic,2019-07-16T18:19
Gait,Gait_Neuropathic,2018-05-22T19:39
Gait,Gait_Sensory,2019-01-30T14:16
Gait,Gait_Diplegic,2017-03-27T21:16
Gait,Gait_Hemiplegic,2019-07-22T14:57
Gait,Gait_Hemiplegic,2017-05-24T11:10
Gait,Gait_Diplegic,2018-04-14T16:24
Gait,Gait_Ataxic,2017-05-12T06:08
Gait,Gait_Sensory,2019-07-30T14:33
Gait,Gait_Sensory,2017-04-25T23:14
Gait,Gait_Ataxic,2017-10-01T03:50
Gait,Gait_Neuropathic,2019-02-16T12:58
Gait,Gait_Ataxic,2019-05-21T12:03
Gait,Gait_Myopathic,2017-08-30T19:12
Gait,Gait_Parkinsonian,2018-02-11T06:14
Gait,Gait_Neuropathic,2017-09-15T06:33
Gait,Gait_Choreiform,2017-12-20T03:32
Gait,Gait_Myopathic,2019-02-26T18:25
Gait,Gait_Hemiplegic,2018-02-21T02:20
Gait,Gait_Choreiform,2018-10-06T11:47
Gait,Gait_Parkinsonian,2019-01-20T08:42
Gait,Gait_Parkinsonian,2017-01-22T15:21
Gait,Gait_Choreiform,2018-02-12T12:15
Gait,Gait_Parkinsonian,2018-11-27T18:10
Gait,Gait_Diplegic,2019-05-02T19:35
Gait,Gait_Myopathic,2018-06-02T18:41
Gait,Gait_Hemiplegic,2019-08-07T21:33
Gait,Gait_Choreiform,2018-11-17T00:46
Gait,Gait_Parkinsonian,2019-06-02T04:19
Gait,Gait_Diplegic,2019-04-21T08:54
Gait,Gait_Neuropathic,2017-11-18T10:26
Gait,Gait_Neuropathic,2017-01-19T14:08
Gait,Gait_Ataxic,2017-07-20T15:08
Gait,Gait_Myopathic,2018-03-17T16:09
Gait,Gait_Sensory,2017-12-10T03:37
Gait,Gait_Hemiplegic,2017-01-06T01:18
Gait,Gait_Sensory,2018-03-24T09:07
Gait,Gait_Choreiform,2019-08-11T07:48
Gait,Gait_Ataxic,2019-02-17T22:13
Gait,Gait_Myopathic,2018-04-01T04:14
Gait,Gait_Parkinsonian,2017-04-17T11:41
Gait,Gait_Sensory,2019-06-28T05:53
Gait,Gait_Diplegic,2019-04-17T13:04
Gait,Gait_Myopathic,2018-06-04T15:06
Gait,Gait_Parkinsonian,2019-01-24T07:11
Gait,Gait_Neuropathic,2018-08-29T14:06
Gait,Gait_Diplegic,2019-05-21T10:45
Gait,Gait_Hemiplegic,2017-12-18T08:03
Gait,Gait_Parkinsonian,2019-06-27T13:02
Gait,Gait_Ataxic,2019-06-27T17:13
Gait,Gait_Choreiform,2017-08-26T08:55
Gait,Gait_Diplegic,2018-03-12T22:14
Gait,Gait_Myopathic,2019-07-20T02:27
Gait,Gait_Choreiform,2017-10-08T17:37
Gait,Gait_Choreiform,2018-12-03T04:02
Gait,Gait_Choreiform,2018-04-23T05:14
Gait,Gait_Diplegic,2017-02-19T09:20
Gait,Gait_Choreiform,2017-01-03T05:54
Gait,Gait_Diplegic,2017-03-19T18:21
Gait,Gait_Ataxic,2017-09-11T22:23
Gait,Gait_Diplegic,2018-07-26T01:50
Gait,Gait_Hemiplegic,2017-02-15T23:15
Gait,Gait_Sensory,2017-01-12T19:26
Gait,Gait_Neuropathic,2019-05-12T20:54
Gait,Gait_Choreiform,2019-09-07T19:38
Gait,Gait_Choreiform,2018-02-26T22:14
Gait,Gait_Parkinsonian,2018-12-14T09:09
Gait,Gait_Myopathic,2019-08-20T09:16
Gait,Gait_Myopathic,2019-05-27T06:04
Gait,Gait_Choreiform,2019-03-16T02:48
Gait,Gait_Parkinsonian,2017-01-22T14:09
Gait,Gait_Hemiplegic,2018-08-28T03:45
Gait,Gait_Diplegic,2017-08-03T15:18
Gait,Gait_Diplegic,2017-09-11T01:56
Gait,Gait_Diplegic,2017-07-02T10:51
Gait,Gait_Myopathic,2017-05-18T04:55
Gait,Gait_Parkinsonian,2017-10-16T07:17
Gait,Gait_Sensory,2019-01-10T05:08
Gait,Gait_Ataxic,2018-03-07T19:54
Gait,Gait_Myopathic,2018-12-02T05:47
Gait,Gait_Hemiplegic,2017-02-22T23:03
Gait,Gait_Diplegic,2018-11-10T12:54
Gait,Gait_Parkinsonian,2018-02-22T21:10
Gait,Gait_Diplegic,2018-04-07T08:09
Gait,Gait_Myopathic,2018-10-02T18:29
Gait,Gait_Myopathic,2018-05-14T17:30
Gait,Gait_Hemiplegic,2017-09-28T18:35
Gait,Gait_Choreiform,2018-04-26T12:18
Gait,Gait_Neuropathic,2018-08-07T14:36
Gait,Gait_Sensory,2018-08-18T19:46
Gait,Gait_Hemiplegic,2018-08-02T05:23
Gait,Gait_Neuropathic,2017-09-23T05:18
Gait,Gait_Myopathic,2018-10-01T12:21
Gait,Gait_Myopathic,2018-05-15T08:56
Gait,Gait_Parkinsonian,2017-01-26T08:03
Gait,Gait_Neuropathic,2017-07-30T04:16
Gait,Gait_Choreiform,2019-04-10T21:12
Gait,Gait_Parkinsonian,2019-08-06T08:09
Gait,Gait_Neuropathic,2018-01-02T15:04
Gait,Gait_Ataxic,2019-02-21T16:55
Gait,Gait_Myopathic,2017-07-03T02:23
Gait,Gait_Hemiplegic,2019-03-22T15:57
Gait,Gait_Choreiform,2018-06-24T19:16
Gait,Gait_Diplegic,2019-06-29T02:00
Gait,Gait_Ataxic,2018-07-23T03:10
Gait,Gait_Ataxic,2018-04-23T15:00
Gait,Gait_Diplegic,2019-06-10T23:15
Gait,Gait_Sensory,2019-08-18T09:42
Gait,Gait_Ataxic,2018-05-21T04:27
Gait,Gait_Sensory,2018-02-25T04:40
Gait,Gait_Neuropathic,2017-03-21T04:22
Gait,Gait_Hemiplegic,2017-09-24T05:26
Gait,Gait_Choreiform,2017-05-01T19:32
Gait,Gait_Sensory,2019-02-18T11:04
Gait,Gait_Hemiplegic,2019-02-09T11:29
Gait,Gait_Sensory,2017-04-06T13:04
Gait,Gait_Hemiplegic,2017-09-18T23:01
Gait,Gait_Ataxic,2018-11-16T01:44
Gait,Gait_Parkinsonian,2019-07-13T12:26
Gait,Gait_Diplegic,2018-12-13T18:47
Gait,Gait_Neuropathic,2017-06-15T10:48
Gait,Gait_Ataxic,2019-04-12T03:22
Gait,Gait_Sensory,2019-07-14T02:35
Gait,Gait_Parkinsonian,2017-07-05T13:41
Gait,Gait_Hemiplegic,2017-10-12T05:49
Gait,Gait_Choreiform,2017-12-29T14:59
Gait,Gait_Hemiplegic,2018-09-21T10:25
Gait,Gait_Parkinsonian,2019-03-07T18:11
Gait,Gait_Myopathic,2018-11-14T11:39
Gait,Gait_Hemiplegic,2017-12-28T20:26
Gait,Gait_Sensory,2018-03-20T12:15
Gait,Gait_Myopathic,2017-12-04T21:46
Gait,Gait_Ataxic,2017-02-20T21:57
Gait,Gait_Parkinsonian,2019-04-12T18:06
Gait,Gait_Myopathic,2019-06-26T01:39
Gait,Gait_Diplegic,2018-09-17T09:43
Gait,Gait_Parkinsonian,2019-07-24T06:20
Gait,Gait_Neuropathic,2019-06-21T09:51
Gait,Gait_Ataxic,2017-04-10T20:24
Gait,Gait_Myopathic,2018-05-06T12:16
Gait,Gait_Choreiform,2017-05-29T07:06
Gait,Gait_Diplegic,2017-01-11T16:44
Gait,Gait_Parkinsonian,2018-07-21T23:27
Gait,Gait_Choreiform,2019-02-15T01:43
Gait,Gait_Neuropathic,2018-08-28T11:04
Gait,Gait_Neuropathic,2019-06-18T22:07
Gait,Gait_Neuropathic,2019-04-23T00:33
Gait,Gait_Diplegic,2018-12-01T18:29
Gait,Gait_Neuropathic,2018-01-16T18:58
Gait,Gait_Neuropathic,2018-03-22T07:56
Gait,Gait_Parkinsonian,2018-11-15T12:14
Gait,Gait_Neuropathic,2018-09-14T02:09
Gait,Gait_Parkinsonian,2017-05-30T15:02
Gait,Gait_Parkinsonian,2018-12-24T19:47
Gait,Gait_Neuropathic,2019-02-28T18:01
Gait,Gait_Parkinsonian,2019-02-19T03:07
Gait,Gait_Choreiform,2018-06-18T13:05
Gait,Gait_Parkinsonian,2019-07-17T00:02
Gait,Gait_Myopathic,2019-05-21T14:18
Gait,Gait_Sensory,2017-04-30T01:14
Gait,Gait_Parkinsonian,2018-07-16T13:47
Gait,Gait_Neuropathic,2019-02-14T17:34
Gait,Gait_Neuropathic,2017-06-14T19:13
Gait,Gait_Choreiform,2018-03-03T08:33
Gait,Gait_Ataxic,2017-08-22T21:19
Gait,Gait_Ataxic,2019-05-04T20:26
Gait,Gait_Diplegic,2019-08-13T12:57
Gait,Gait_Hemiplegic,2018-05-09T09:10
Gait,Gait_Neuropathic,2018-02-19T21:27
Gait,Gait_Parkinsonian,2019-09-12T05:29
Gait,Gait_Hemiplegic,2017-12-02T14:21
Gait,Gait_Myopathic,2018-11-15T18:22
Gait,Gait_Neuropathic,2019-04-17T00:19
Gait,Gait_Neuropathic,2018-11-16T15:41
Gait,Gait_Neuropathic,2018-04-17T11:02
Gait,Gait_Neuropathic,2019-08-13T14:40
Gait,Gait_Diplegic,2019-09-15T08:41
Gait,Gait_Neuropathic,2018-02-06T16:50
Gait,Gait_Ataxic,2017-07-24T22:32
Gait,Gait_Sensory,2018-06-14T04:59
Gait,Gait_Neuropathic,2019-08-03T13:46
Gait,Gait_Parkinsonian,2018-06-18T09:09
Gait,Gait_Ataxic,2019-09-06T03:25
Gait,Gait_Parkinsonian,2017-06-20T18:17
Gait,Gait_Choreiform,2018-01-11T04:30
Gait,Gait_Ataxic,2018-05-08T20:42
Gait,Gait_Myopathic,2019-09-07T00:34
Gait,Gait_Choreiform,2018-09-06T04:23
Gait,Gait_Hemiplegic,2019-05-11T07:47
Gait,Gait_Neuropathic,2019-06-13T23:45
Gait,Gait_Diplegic,2017-11-22T19:01
Gait,Gait_Myopathic,2019-03-04T13:47
Gait,Gait_Parkinsonian,2017-09-15T02:10
Gait,Gait_Hemiplegic,2017-12-22T12:56
Gait,Gait_Myopathic,2019-06-17T22:39
Gait,Gait_Sensory,2019-06-29T16:58
Gait,Gait_Choreiform,2019-08-18T15:44
Gait,Gait_Choreiform,2019-02-08T20:07
Gait,Gait_Neuropathic,2019-06-27T12:48
Gait,Gait_Diplegic,2019-02-26T11:15
Gait,Gait_Diplegic,2018-12-26T18:41
Gait,Gait_Ataxic,2017-08-24T12:45
Gait,Gait_Sensory,2019-05-30T01:00
Gait,Gait_Diplegic,2018-03-26T00:09
Gait,Gait_Choreiform,2017-10-11T00:07
Gait,Gait_Ataxic,2019-01-18T05:33
Gait,Gait_Myopathic,2017-02-19T19:37
Gait,Gait_Hemiplegic,2017-07-06T04:15
Gait,Gait_Sensory,2019-05-23T12:17
Gait,Gait_Hemiplegic,2017-03-21T15:23
Gait,Gait_Sensory,2018-08-22T01:00
Gait,Gait_Myopathic,2019-09-23T01:04
Gait,Gait_Neuropathic,2017-02-27T01:29
Gait,Gait_Hemiplegic,2017-08-11T04:52
Gait,Gait_Hemiplegic,2017-02-21T09:31
Gait,Gait_Myopathic,2019-07-09T03:22
Gait,Gait_Neuropathic,2017-05-22T15:31
Gait,Gait_Parkinsonian,2017-08-10T15:40
Gait,Gait_Myopathic,2017-08-26T07:15
Gait,Gait_Parkinsonian,2018-06-11T20:45
Gait,Gait_Ataxic,2019-03-08T00:40
Gait,Gait_Ataxic,2019-03-24T11:35
Gait,Gait_Ataxic,2019-04-06T01:09
Gait,Gait_Choreiform,2018-08-24T18:44
Gait,Gait_Neuropathic,2017-11-14T01:34
Gait,Gait_Choreiform,2018-02-05T06:46
Gait,Gait_Hemiplegic,2018-05-15T05:51
Gait,Gait_Neuropathic,2017-03-15T18:17
Gait,Gait_Myopathic,2017-03-08T05:29
Gait,Gait_Hemiplegic,2018-09-07T10:47
Gait,Gait_Choreiform,2019-02-04T13:54
Gait,Gait_Hemiplegic,2019-04-05T03:17
Gait,Gait_Parkinsonian,2017-05-25T20:19
Gait,Gait_Hemiplegic,2018-02-03T21:02
Gait,Gait_Sensory,2018-11-05T20:52
Gait,Gait_Diplegic,2017-11-02T09:15
Gait,Gait_Parkinsonian,2019-05-01T06:42
Gait,Gait_Myopathic,2018-09-17T14:37
Gait,Gait_Ataxic,2019-07-18T18:43
Gait,Gait_Parkinsonian,2019-01-11T13:34
Gait,Gait_Diplegic,2019-06-08T11:08
Gait,Gait_Ataxic,2018-07-24T07:30
Gait,Gait_Diplegic,2019-01-10T21:50
Gait,Gait_Ataxic,2019-05-05T12:21
Gait,Gait_Diplegic,2017-09-18T22:05
Gait,Gait_Ataxic,2017-07-01T08:30
Gait,Gait_Ataxic,2017-07-14T04:29
Gait,Gait_Diplegic,2017-06-23T08:45
Gait,Gait_Myopathic,2017-12-27T12:37
Gait,Gait_Parkinsonian,2019-06-17T04:07
Gait,Gait_Diplegic,2017-11-01T16:39
Gait,Gait_Choreiform,2018-07-21T02:17
Gait,Gait_Diplegic,2019-07-29T22:27
Gait,Gait_Sensory,2019-02-01T06:25
Gait,Gait_Parkinsonian,2017-07-21T17:41
Gait,Gait_Ataxic,2017-02-28T19:27
Gait,Gait_Choreiform,2019-09-06T01:50
Gait,Gait_Sensory,2018-03-27T22:25
Gait,Gait_Parkinsonian,2017-11-11T09:58
Gait,Gait_Hemiplegic,2018-12-11T22:24
Gait,Gait_Diplegic,2018-09-03T09:51
Gait,Gait_Myopathic,2018-09-18T16:24
Gait,Gait_Hemiplegic,2018-07-20T18:24
Gait,Gait_Choreiform,2017-08-30T12:32
Gait,Gait_Ataxic,2018-07-19T13:14
Gait,Gait_Neuropathic,2018-05-24T22:55
Gait,Gait_Hemiplegic,2017-03-21T22:16
Gait,Gait_Ataxic,2017-04-25T08:16
Gait,Gait_Neuropathic,2017-10-08T18:26
Gait,Gait_Myopathic,2018-06-02T09:08
Gait,Gait_Choreiform,2018-01-20T00:06
Gait,Gait_Myopathic,2019-03-05T06:10
Gait,Gait_Parkinsonian,2019-08-21T08:59
Gait,Gait_Neuropathic,2017-11-09T14:36
Gait,Gait_Ataxic,2019-01-13T22:05
Gait,Gait_Diplegic,2019-04-30T18:50
Gait,Gait_Myopathic,2018-10-12T19:30
Gait,Gait_Hemiplegic,2017-07-23T16:45
Gait,Gait_Choreiform,2017-08-02T07:40
Gait,Gait_Neuropathic,2018-08-20T01:07
Gait,Gait_Diplegic,2018-11-13T03:06
Gait,Gait_Myopathic,2017-02-12T22:55
Gait,Gait_Ataxic,2018-02-10T02:19
Gait,Gait_Sensory,2019-06-16T21:08
Gait,Gait_Parkinsonian,2017-12-20T06:12
Gait,Gait_Neuropathic,2019-03-22T08:43
Gait,Gait_Sensory,2019-08-10T13:51
Gait,Gait_Neuropathic,2018-12-12T19:15
Gait,Gait_Neuropathic,2018-03-09T00:53
Gait,Gait_Diplegic,2017-03-27T11:15
Gait,Gait_Myopathic,2017-02-15T11:44
Gait,Gait_Sensory,2019-08-06T06:51
Gait,Gait_Hemiplegic,2019-01-09T10:40
Gait,Gait_Sensory,2019-04-14T06:50
Gait,Gait_Sensory,2017-10-20T22:47
Gait,Gait_Myopathic,2018-04-07T08:27
Gait,Gait_Hemiplegic,2019-01-23T18:28
Gait,Gait_Diplegic,2019-05-02T06:22
Gait,Gait_Neuropathic,2019-02-13T06:03
Gait,Gait_Choreiform,2019-03-09T00:54
Gait,Gait_Sensory,2017-08-04T04:56
Gait,Gait_Choreiform,2019-04-25T07:15
Gait,Gait_Choreiform,2019-09-06T21:10
Gait,Gait_Diplegic,2018-12-03T19:38
Gait,Gait_Ataxic,2017-06-14T15:09
Gait,Gait_Neuropathic,2018-11-30T22:55
Gait,Gait_Neuropathic,2018-01-05T07:26
Gait,Gait_Choreiform,2017-05-21T22:06
Gait,Gait_Sensory,2018-02-27T01:17
Gait,Gait_Ataxic,2017-03-03T11:21
Gait,Gait_Sensory,2019-06-21T18:22
Gait,Gait_Neuropathic,2019-05-05T05:10
Gait,Gait_Choreiform,2019-07-14T12:37
Gait,Gait_Myopathic,2017-08-30T11:07
Gait,Gait_Ataxic,2017-02-04T07:24
Gait,Gait_Ataxic,2019-05-23T23:35
Gait,Gait_Sensory,2017-01-21T19:47
Gait,Gait_Neuropathic,2019-06-09T10:06
Gait,Gait_Myopathic,2018-09-13T15:53
Gait,Gait_Myopathic,2019-09-21T14:06
Gait,Gait_Diplegic,2017-04-18T15:07
Gait,Gait_Diplegic,2019-05-28T19:17
Gait,Gait_Myopathic,2019-03-21T14:57
Gait,Gait_Parkinsonian,2017-08-28T20:53
Gait,Gait_Sensory,2018-05-11T01:36
Gait,Gait_Neuropathic,2019-04-15T06:47
Gait,Gait_Diplegic,2017-04-12T04:24
Gait,Gait_Choreiform,2017-05-24T04:02
Gait,Gait_Ataxic,2017-08-16T12:59
Gait,Gait_Sensory,2017-06-23T07:51
Gait,Gait_Ataxic,2019-04-27T14:27
Gait,Gait_Hemiplegic,2019-09-24T16:53
Gait,Gait_Choreiform,2019-08-30T05:49
Gait,Gait_Diplegic,2019-03-15T01:39
Gait,Gait_Diplegic,2019-08-01T21:47
Gait,Gait_Ataxic,2018-07-14T07:23
Gait,Gait_Ataxic,2017-10-17T12:07
Gait,Gait_Ataxic,2017-11-30T02:25
Gait,Gait_Myopathic,2018-10-24T10:23
Gait,Gait_Myopathic,2018-08-24T15:21
Gait,Gait_Choreiform,2018-07-12T09:54
Gait,Gait_Hemiplegic,2018-05-24T17:37
Gait,Gait_Diplegic,2018-08-23T11:17
Gait,Gait_Ataxic,2019-05-13T10:35
Gait,Gait_Neuropathic,2019-04-17T11:26
Gait,Gait_Ataxic,2017-04-12T03:01
Gait,Gait_Parkinsonian,2018-04-28T15:45
Gait,Gait_Choreiform,2017-09-08T01:02
Gait,Gait_Parkinsonian,2018-08-29T14:53
Gait,Gait_Myopathic,2017-04-01T23:57
Gait,Gait_Parkinsonian,2018-04-30T19:28
Gait,Gait_Parkinsonian,2017-01-15T16:07
Gait,Gait_Ataxic,2017-05-08T01:16
Gait,Gait_Choreiform,2017-03-07T03:55
Gait,Gait_Diplegic,2019-09-10T17:38
Gait,Gait_Diplegic,2019-07-23T12:12
Gait,Gait_Ataxic,2019-08-16T02:08
Gait,Gait_Neuropathic,2018-12-06T10:00
Gait,Gait_Parkinsonian,2017-09-29T11:17
Gait,Gait_Sensory,2019-01-07T01:54
Gait,Gait_Choreiform,2018-01-01T03:09
Gait,Gait_Diplegic,2019-08-27T12:33
Gait,Gait_Sensory,2017-09-24T01:56
Gait,Gait_Parkinsonian,2017-12-10T01:45
Gait,Gait_Ataxic,2018-04-27T21:32
Gait,Gait_Parkinsonian,2018-06-21T05:30
Gait,Gait_Choreiform,2017-12-27T09:38
Gait,Gait_Parkinsonian,2017-03-07T06:11
Gait,Gait_Myopathic,2018-01-22T07:33
Gait,Gait_Ataxic,2017-03-16T02:42
Gait,Gait_Hemiplegic,2017-08-05T01:06
Gait,Gait_Diplegic,2018-08-05T06:48
Gait,Gait_Myopathic,2018-04-02T05:53
Gait,Gait_Choreiform,2018-05-03T04:54
Gait,Gait_Hemiplegic,2017-07-29T05:34
Gait,Gait_Myopathic,2017-07-26T16:50
Gait,Gait_Myopathic,2018-09-19T15:47
Gait,Gait_Hemiplegic,2019-08-26T19:57
Gait,Gait_Neuropathic,2018-10-04T04:54
Gait,Gait_Sensory,2019-08-19T16:49
Gait,Gait_Diplegic,2019-02-27T07:54
Gait,Gait_Choreiform,2019-09-27T02:22
Gait,Gait_Ataxic,2017-05-29T17:04
Gait,Gait_Neuropathic,2019-07-07T09:44
Gait,Gait_Parkinsonian,2017-07-09T12:31
Gait,Gait_Parkinsonian,2019-06-21T01:22
Gait,Gait_Choreiform,2017-01-01T08:03
Gait,Gait_Ataxic,2017-04-06T16:19
Gait,Gait_Neuropathic,2018-02-12T15:36
Gait,Gait_Choreiform,2019-08-24T15:52
Gait,Gait_Choreiform,2019-08-28T03:39
Gait,Gait_Myopathic,2019-01-25T18:15
Gait,Gait_Sensory,2018-04-02T13:02
Gait,Gait_Diplegic,2017-05-26T03:51
Gait,Gait_Parkinsonian,2018-02-18T21:49
Gait,Gait_Sensory,2018-06-07T16:32
Gait,Gait_Hemiplegic,2017-12-14T08:29
Gait,Gait_Choreiform,2017-10-09T20:28
Gait,Gait_Ataxic,2019-08-16T08:28
Gait,Gait_Myopathic,2018-05-20T09:52
Gait,Gait_Sensory,2017-11-19T13:18
Gait,Gait_Parkinsonian,2019-07-03T15:53
Gait,Gait_Hemiplegic,2017-11-24T21:56
Gait,Gait_Parkinsonian,2018-11-21T10:08
Gait,Gait_Diplegic,2019-07-08T07:27
Gait,Gait_Sensory,2018-11-27T03:18
Gait,Gait_Sensory,2019-09-22T19:08
Gait,Gait_Hemiplegic,2017-04-23T23:20
Gait,Gait_Myopathic,2018-04-03T18:00
Gait,Gait_Ataxic,2018-05-24T00:47
Gait,Gait_Myopathic,2018-10-07T05:40
Gait,Gait_Parkinsonian,2019-01-11T23:33
Gait,Gait_Hemiplegic,2018-03-01T00:07
Gait,Gait_Neuropathic,2019-06-16T23:17
Gait,Gait_Hemiplegic,2018-09-08T14:15
Gait,Gait_Ataxic,2017-09-02T10:30
Gait,Gait_Sensory,2017-03-06T13:05
Gait,Gait_Myopathic,2019-01-18T08:17
Gait,Gait_Ataxic,2018-09-14T06:35
Gait,Gait_Myopathic,2017-07-28T06:15
Gait,Gait_Parkinsonian,2018-02-16T18:16
Gait,Gait_Myopathic,2018-12-19T18:47
Gait,Gait_Hemiplegic,2018-11-20T12:47
Gait,Gait_Neuropathic,2018-10-10T12:25
Gait,Gait_Neuropathic,2019-06-08T18:09
Gait,Gait_Diplegic,2019-06-23T01:28
Gait,Gait_Diplegic,2017-07-28T00:37
Gait,Gait_Sensory,2019-03-05T03:46
Gait,Gait_Parkinsonian,2019-01-04T19:22
Gait,Gait_Parkinsonian,2018-01-14T16:28
Gait,Gait_Parkinsonian,2019-09-12T13:26
Gait,Gait_Neuropathic,2019-06-26T05:33
Gait,Gait_Sensory,2019-02-24T02:36
Gait,Gait_Ataxic,2018-10-12T00:50
Gait,Gait_Choreiform,2019-01-28T18:04
Gait,Gait_Hemiplegic,2018-06-21T16:08
Gait,Gait_Parkinsonian,2018-04-29T12:17
Gait,Gait_Diplegic,2018-09-07T08:17
Gait,Gait_Parkinsonian,2018-12-24T14:43
Gait,Gait_Sensory,2019-06-12T11:43
Gait,Gait_Myopathic,2017-04-08T00:56
Gait,Gait_Parkinsonian,2017-12-16T13:47
Gait,Gait_Myopathic,2018-11-29T22:47
Gait,Gait_Choreiform,2018-08-23T12:29
Gait,Gait_Sensory,2017-05-09T22:28
Gait,Gait_Neuropathic,2019-07-12T15:02
Gait,Gait_Neuropathic,2017-11-12T01:50
Gait,Gait_Sensory,2018-04-01T14:25
Gait,Gait_Sensory,2017-11-25T08:40
Gait,Gait_Sensory,2019-03-11T14:27
Gait,Gait_Neuropathic,2019-04-07T19:19
Gait,Gait_Hemiplegic,2018-08-09T05:48
Gait,Gait_Diplegic,2018-02-19T14:23
Gait,Gait_Choreiform,2017-02-22T16:06
Gait,Gait_Hemiplegic,2019-03-12T01:11
Gait,Gait_Diplegic,2019-08-28T01:03
Gait,Gait_Parkinsonian,2019-07-21T12:08
Gait,Gait_Diplegic,2018-04-19T12:27
Gait,Gait_Ataxic,2019-01-02T11:49
Gait,Gait_Hemiplegic,2019-06-15T19:37
Gait,Gait_Choreiform,2019-01-20T17:42
Gait,Gait_Sensory,2017-03-05T07:18
Gait,Gait_Hemiplegic,2018-09-25T08:27
Gait,Gait_Myopathic,2018-12-04T05:14
Gait,Gait_Hemiplegic,2019-04-06T01:02
Gait,Gait_Diplegic,2018-09-02T20:23
Gait,Gait_Myopathic,2019-08-10T17:38
Gait,Gait_Myopathic,2019-09-03T01:26
Gait,Gait_Sensory,2017-11-16T13:47
Gait,Gait_Ataxic,2017-12-13T04:54
Gait,Gait_Myopathic,2018-07-05T13:23
Gait,Gait_Hemiplegic,2019-01-08T22:52
Gait,Gait_Hemiplegic,2017-09-29T02:39
Gait,Gait_Hemiplegic,2019-03-16T10:24
Gait,Gait_Parkinsonian,2017-07-08T08:59
Gait,Gait_Diplegic,2017-11-21T10:55
Gait,Gait_Sensory,2017-11-16T22:42
Gait,Gait_Myopathic,2018-07-11T13:40
Gait,Gait_Choreiform,2019-06-05T03:07
Gait,Gait_Neuropathic,2019-01-04T20:26
Gait,Gait_Ataxic,2018-04-30T21:33
Gait,Gait_Hemiplegic,2018-04-23T21:23
Gait,Gait_Neuropathic,2018-09-18T22:39
Gait,Gait_Ataxic,2017-02-28T02:13
Gait,Gait_Sensory,2019-08-22T01:22
Gait,Gait_Choreiform,2019-07-17T19:32
Gait,Gait_Ataxic,2018-07-28T05:09
Gait,Gait_Ataxic,2017-09-05T00:06
Gait,Gait_Ataxic,2018-08-25T12:18
Gait,Gait_Neuropathic,2017-10-09T15:04
Gait,Gait_Choreiform,2018-10-14T22:05
Gait,Gait_Parkinsonian,2018-07-24T17:53
Gait,Gait_Neuropathic,2018-07-06T12:48
Gait,Gait_Hemiplegic,2018-06-10T04:15
Gait,Gait_Choreiform,2018-12-17T09:13
Gait,Gait_Sensory,2018-10-16T13:49
Gait,Gait_Myopathic,2017-06-15T08:44
Gait,Gait_Parkinsonian,2019-06-18T21:16
Gait,Gait_Neuropathic,2017-09-02T14:30
Gait,Gait_Diplegic,2019-06-12T01:24
Gait,Gait_Hemiplegic,2017-02-28T14:25
Gait,Gait_Diplegic,2018-02-28T02:04
Gait,Gait_Sensory,2019-01-22T10:49
Gait,Gait_Neuropathic,2019-07-29T18:32
Gait,Gait_Diplegic,2018-12-26T06:21
Gait,Gait_Myopathic,2018-08-15T00:56
Gait,Gait_Neuropathic,2019-07-04T21:43
Gait,Gait_Ataxic,2017-01-27T09:01
Gait,Gait_Myopathic,2019-07-02T07:40
Gait,Gait_Ataxic,2019-08-28T10:40
Gait,Gait_Choreiform,2019-03-10T02:44
Gait,Gait_Myopathic,2017-06-03T04:43
Gait,Gait_Sensory,2018-07-13T05:06
Gait,Gait_Sensory,2017-08-08T13:17
Gait,Gait_Hemiplegic,2017-03-07T10:28
Gait,Gait_Sensory,2019-06-14T02:19
Gait,Gait_Neuropathic,2019-06-13T10:11
Gait,Gait_Ataxic,2019-03-08T22:23
Gait,Gait_Parkinsonian,2017-11-21T23:33
Gait,Gait_Neuropathic,2018-07-19T01:27
Gait,Gait_Ataxic,2017-01-07T23:13
Gait,Gait_Ataxic,2019-01-22T17:44
Gait,Gait_Diplegic,2019-01-28T12:48
Gait,Gait_Neuropathic,2018-01-14T05:45
Gait,Gait_Diplegic,2017-04-25T06:47
Gait,Gait_Hemiplegic,2019-02-22T20:27
Gait,Gait_Myopathic,2019-05-08T03:57
Gait,Gait_Sensory,2017-01-26T03:46
Gait,Gait_Ataxic,2017-05-09T11:41
Gait,Gait_Diplegic,2017-10-19T17:15
Gait,Gait_Diplegic,2019-03-26T10:13
Gait,Gait_Choreiform,2019-06-22T10:30
Gait,Gait_Ataxic,2017-08-24T05:39
Gait,Gait_Choreiform,2018-09-26T04:05
Gait,Gait_Neuropathic,2018-05-17T16:53
Gait,Gait_Neuropathic,2018-05-11T16:19
Gait,Gait_Ataxic,2017-11-14T09:00
Gait,Gait_Myopathic,2019-03-02T23:03
Gait,Gait_Sensory,2017-12-19T18:57
Gait,Gait_Parkinsonian,2018-05-17T11:08
Gait,Gait_Myopathic,2019-02-24T15:38
Gait,Gait_Neuropathic,2018-04-17T07:03
Gait,Gait_Choreiform,2017-07-01T03:10
Gait,Gait_Myopathic,2018-09-02T20:05
Gait,Gait_Myopathic,2018-08-02T10:09
Gait,Gait_Diplegic,2019-09-13T16:03
Gait,Gait_Sensory,2019-02-24T09:24
Gait,Gait_Ataxic,2017-09-15T11:44
Gait,Gait_Myopathic,2018-12-17T20:03
Gait,Gait_Neuropathic,2018-06-11T05:50
Gait,Gait_Ataxic,2017-09-22T21:05
Gait,Gait_Hemiplegic,2017-02-28T09:53
Gait,Gait_Ataxic,2017-02-19T07:23
Gait,Gait_Choreiform,2017-09-26T14:59
Gait,Gait_Ataxic,2019-06-21T03:55
Gait,Gait_Diplegic,2019-05-23T07:36
Gait,Gait_Ataxic,2019-09-12T05:49
Gait,Gait_Hemiplegic,2019-05-10T07:53
Gait,Gait_Neuropathic,2018-11-07T20:34
Gait,Gait_Hemiplegic,2019-04-18T03:27
Gait,Gait_Parkinsonian,2017-04-25T17:55
Gait,Gait_Hemiplegic,2017-02-28T18:27
Gait,Gait_Neuropathic,2019-05-07T03:33
Gait,Gait_Hemiplegic,2019-02-24T02:40
Gait,Gait_Hemiplegic,2018-12-30T09:50
Gait,Gait_Myopathic,2017-12-01T04:19
Gait,Gait_Hemiplegic,2019-03-14T17:02
Gait,Gait_Diplegic,2019-05-28T09:12
Gait,Gait_Neuropathic,2017-09-30T07:59
Gait,Gait_Hemiplegic,2017-08-28T02:23
Gait,Gait_Parkinsonian,2017-01-30T23:24
Gait,Gait_Hemiplegic,2018-06-16T09:27
Gait,Gait_Diplegic,2017-06-17T09:55
Gait,Gait_Diplegic,2019-04-01T22:15
Gait,Gait_Parkinsonian,2019-08-21T08:29
Gait,Gait_Choreiform,2019-09-07T10:36
Gait,Gait_Diplegic,2018-01-20T21:19
Gait,Gait_Ataxic,2017-12-14T07:51
Gait,Gait_Neuropathic,2018-12-12T18:51
Gait,Gait_Neuropathic,2018-06-11T06:52
Gait,Gait_Parkinsonian,2017-03-29T15:18
Gait,Gait_Parkinsonian,2017-02-12T23:41
Gait,Gait_Choreiform,2019-04-20T01:42
Gait,Gait_Myopathic,2017-01-28T10:27
Gait,Gait_Choreiform,2017-07-26T02:30
Gait,Gait_Parkinsonian,2019-03-29T00:34
Gait,Gait_Choreiform,2018-06-22T19:50
Gait,Gait_Ataxic,2017-08-17T18:34
Gait,Gait_Choreiform,2017-07-18T14:00
Gait,Gait_Diplegic,2019-05-08T10:26
Gait,Gait_Ataxic,2018-12-20T18:58
Gait,Gait_Neuropathic,2019-03-07T21:01
Gait,Gait_Choreiform,2017-10-20T11:58
Gait,Gait_Neuropathic,2019-05-17T07:26
Gait,Gait_Diplegic,2017-08-29T14:24
Gait,Gait_Parkinsonian,2019-09-22T15:41
Gait,Gait_Ataxic,2018-11-28T16:11
Gait,Gait_Diplegic,2017-12-24T00:34
Gait,Gait_Diplegic,2017-10-15T02:35
Gait,Gait_Myopathic,2017-07-30T08:08
Gait,Gait_Parkinsonian,2019-02-15T10:43
Gait,Gait_Sensory,2017-12-12T22:20
Gait,Gait_Hemiplegic,2019-05-20T22:38
Gait,Gait_Ataxic,2018-09-19T10:54
Gait,Gait_Ataxic,2017-06-08T07:45
Gait,Gait_Parkinsonian,2019-04-12T19:23
Gait,Gait_Choreiform,2018-12-20T22:05
Gait,Gait_Ataxic,2018-07-16T02:26
Gait,Gait_Myopathic,2017-02-04T17:41
Gait,Gait_Diplegic,2017-01-07T16:13
Gait,Gait_Ataxic,2017-08-12T23:32
Gait,Gait_Hemiplegic,2017-09-26T03:02
Gait,Gait_Sensory,2019-05-19T03:19
Gait,Gait_Choreiform,2017-02-07T13:41
Gait,Gait_Hemiplegic,2017-01-14T22:23
Gait,Gait_Myopathic,2019-04-21T11:38
Gait,Gait_Parkinsonian,2018-12-22T03:28
Gait,Gait_Choreiform,2018-05-07T22:51
Gait,Gait_Sensory,2018-05-27T07:41
Gait,Gait_Neuropathic,2019-07-28T21:48
Gait,Gait_Sensory,2019-05-09T05:29
Gait,Gait_Diplegic,2018-01-10T18:43
Gait,Gait_Myopathic,2017-12-16T18:53
Gait,Gait_Ataxic,2017-04-06T16:24
Gait,Gait_Choreiform,2019-03-18T20:01
Gait,Gait_Myopathic,2017-05-28T03:32
Gait,Gait_Parkinsonian,2019-04-10T22:04
Gait,Gait_Myopathic,2018-07-15T00:50
Gait,Gait_Diplegic,2017-04-01T12:18
Gait,Gait_Diplegic,2019-06-25T10:19
Gait,Gait_Hemiplegic,2017-12-27T03:18
Gait,Gait_Parkinsonian,2019-01-04T03:07
Gait,Gait_Hemiplegic,2019-04-01T07:41
Gait,Gait_Myopathic,2017-09-23T12:28
Gait,Gait_Sensory,2017-10-28T14:21
Gait,Gait_Sensory,2017-01-06T04:53
Gait,Gait_Ataxic,2018-09-11T03:12
Gait,Gait_Neuropathic,2018-12-18T15:36
Gait,Gait_Parkinsonian,2019-08-24T12:38
Gait,Gait_Myopathic,2019-07-10T18:39
Gait,Gait_Ataxic,2019-05-07T08:48
Gait,Gait_Neuropathic,2018-12-20T05:10
Gait,Gait_Neuropathic,2018-11-19T22:55
Gait,Gait_Diplegic,2017-08-29T06:04
Gait,Gait_Diplegic,2018-06-05T08:57
Gait,Gait_Choreiform,2017-03-30T17:23
Gait,Gait_Ataxic,2018-10-06T11:47
Gait,Gait_Ataxic,2019-07-05T06:47
Gait,Gait_Ataxic,2017-03-27T15:54
Gait,Gait_Neuropathic,2018-08-11T14:02
Gait,Gait_Neuropathic,2018-01-09T02:21
Gait,Gait_Choreiform,2019-01-05T12:12
Gait,Gait_Neuropathic,2018-10-07T09:31
Gait,Gait_Hemiplegic,2019-07-24T08:21
Gait,Gait_Choreiform,2017-11-02T05:12
Gait,Gait_Choreiform,2019-03-29T05:16
Gait,Gait_Diplegic,2019-08-11T17:36
Gait,Gait_Choreiform,2019-07-15T01:05
Gait,Gait_Parkinsonian,2019-07-29T18:10
Gait,Gait_Choreiform,2018-07-02T14:44
Gait,Gait_Ataxic,2018-08-29T20:25
Gait,Gait_Hemiplegic,2019-08-16T07:24
Gait,Gait_Myopathic,2019-02-13T02:23
Gait,Gait_Diplegic,2019-07-12T21:58
Gait,Gait_Parkinsonian,2019-06-04T14:39
Gait,Gait_Parkinsonian,2019-03-27T04:08
Gait,Gait_Parkinsonian,2019-04-30T09:12
Gait,Gait_Diplegic,2018-09-30T03:21
Gait,Gait_Parkinsonian,2018-02-13T03:34
Gait,Gait_Hemiplegic,2019-04-11T17:07
Gait,Gait_Neuropathic,2018-09-28T12:51
Gait,Gait_Sensory,2017-07-12T06:44
Gait,Gait_Choreiform,2019-08-20T00:07
Gait,Gait_Diplegic,2017-08-07T04:07
Gait,Gait_Parkinsonian,2018-07-23T15:24
Gait,Gait_Parkinsonian,2019-09-30T05:28
Gait,Gait_Neuropathic,2017-10-28T00:39
Gait,Gait_Ataxic,2018-11-10T10:46
Gait,Gait_Sensory,2019-03-20T01:30
Gait,Gait_Parkinsonian,2019-07-09T01:00
Gait,Gait_Diplegic,2018-11-01T01:36
Gait,Gait_Neuropathic,2019-02-26T19:32
Gait,Gait_Parkinsonian,2019-03-09T10:46
Gait,Gait_Ataxic,2019-07-14T16:40
Gait,Gait_Parkinsonian,2019-04-25T18:18
Gait,Gait_Myopathic,2019-03-06T02:01
Gait,Gait_Ataxic,2018-05-14T13:43
Gait,Gait_Parkinsonian,2017-05-24T13:53
Gait,Gait_Diplegic,2019-04-30T05:27
Gait,Gait_Sensory,2018-08-16T14:13
Gait,Gait_Diplegic,2018-08-05T14:11
Gait,Gait_Choreiform,2019-05-03T15:55
Gait,Gait_Ataxic,2019-03-01T08:35
Gait,Gait_Parkinsonian,2018-02-21T16:03
Gait,Gait_Parkinsonian,2018-03-09T21:11
Gait,Gait_Hemiplegic,2019-05-11T19:53
Gait,Gait_Neuropathic,2019-04-08T00:53
Gait,Gait_Sensory,2017-04-11T22:19
Gait,Gait_Diplegic,2017-08-17T19:23
Gait,Gait_Hemiplegic,2017-11-16T00:09
Gait,Gait_Sensory,2019-01-20T17:52
Gait,Gait_Hemiplegic,2018-01-16T23:40
Gait,Gait_Diplegic,2017-06-18T15:24
Gait,Gait_Neuropathic,2019-08-08T02:09
Gait,Gait_Diplegic,2018-06-18T02:32
Gait,Gait_Neuropathic,2017-09-23T15:42
Gait,Gait_Parkinsonian,2019-06-22T11:19
Gait,Gait_Choreiform,2019-04-13T14:03
Gait,Gait_Sensory,2018-11-21T11:32
Gait,Gait_Sensory,2019-01-01T17:08
Gait,Gait_Diplegic,2018-07-08T17:00
Gait,Gait_Hemiplegic,2018-02-02T05:35
Gait,Gait_Hemiplegic,2019-08-27T20:48
Gait,Gait_Choreiform,2017-02-21T03:33
Gait,Gait_Diplegic,2019-08-02T23:52
Gait,Gait_Parkinsonian,2019-09-08T17:04
Gait,Gait_Parkinsonian,2019-05-23T10:46
Gait,Gait_Myopathic,2019-03-17T15:17
Gait,Gait_Hemiplegic,2017-01-05T10:44
Gait,Gait_Diplegic,2019-04-07T12:20
Gait,Gait_Diplegic,2018-03-18T23:38
Gait,Gait_Hemiplegic,2018-10-22T10:50
Gait,Gait_Myopathic,2019-01-07T08:12
Gait,Gait_Diplegic,2017-01-11T16:33
Gait,Gait_Myopathic,2017-04-10T15:50
Gait,Gait_Parkinsonian,2018-02-20T20:49
Gait,Gait_Neuropathic,2017-05-01T00:11
Gait,Gait_Neuropathic,2018-10-22T09:40
Gait,Gait_Sensory,2018-08-12T08:15
Gait,Gait_Neuropathic,2018-02-01T19:33
Gait,Gait_Choreiform,2018-02-18T08:42
Gait,Gait_Neuropathic,2017-09-30T20:12
Gait,Gait_Choreiform,2018-09-11T12:06
Gait,Gait_Sensory,2019-07-02T22:25
Gait,Gait_Ataxic,2018-06-07T04:01
Gait,Gait_Hemiplegic,2018-11-14T22:05
Gait,Gait_Hemiplegic,2017-07-02T13:16
Gait,Gait_Diplegic,2017-05-04T11:51
Gait,Gait_Myopathic,2018-10-08T13:15
Gait,Gait_Choreiform,2017-11-15T10:54
Gait,Gait_Diplegic,2018-01-13T01:34
Gait,Gait_Ataxic,2019-01-20T02:16
Gait,Gait_Neuropathic,2018-03-23T04:02
Gait,Gait_Sensory,2018-09-11T17:19
Gait,Gait_Hemiplegic,2019-02-15T17:52
Gait,Gait_Ataxic,2018-08-29T07:43
Gait,Gait_Myopathic,2019-04-18T23:59
Gait,Gait_Parkinsonian,2019-06-12T21:28
Gait,Gait_Choreiform,2018-02-21T02:26
Gait,Gait_Ataxic,2018-01-14T03:56
Gait,Gait_Sensory,2018-10-11T18:56
Gait,Gait_Ataxic,2017-08-06T15:54
Gait,Gait_Myopathic,2018-02-05T17:52
Gait,Gait_Hemiplegic,2017-12-29T13:25
Gait,Gait_Diplegic,2018-01-05T10:49
Gait,Gait_Diplegic,2017-08-22T06:21
Gait,Gait_Neuropathic,2017-05-14T05:33
Gait,Gait_Myopathic,2018-11-28T01:31
Gait,Gait_Parkinsonian,2019-07-07T17:51
Gait,Gait_Myopathic,2017-09-14T14:04
Gait,Gait_Neuropathic,2018-09-17T20:29
Gait,Gait_Myopathic,2017-01-16T01:06
Gait,Gait_Myopathic,2019-05-05T04:36
Gait,Gait_Sensory,2019-09-03T19:20
Gait,Gait_Diplegic,2018-04-06T05:15
Gait,Gait_Myopathic,2017-11-17T00:13
Gait,Gait_Sensory,2019-04-08T12:53
Gait,Gait_Diplegic,2017-12-18T06:43
Gait,Gait_Sensory,2017-07-04T10:55
Gait,Gait_Myopathic,2017-12-23T05:33
Gait,Gait_Ataxic,2018-04-09T00:35
Gait,Gait_Hemiplegic,2019-01-13T05:05
Gait,Gait_Hemiplegic,2019-09-15T19:46
Gait,Gait_Diplegic,2019-09-07T20:12
Gait,Gait_Myopathic,2018-08-12T09:08
Gait,Gait_Choreiform,2019-09-06T01:31
Gait,Gait_Choreiform,2017-06-23T11:45
Gait,Gait_Hemiplegic,2018-01-16T10:48
Gait,Gait_Neuropathic,2018-06-07T12:32
Gait,Gait_Diplegic,2017-12-18T12:35
Gait,Gait_Myopathic,2018-12-03T10:50
Gait,Gait_Parkinsonian,2019-05-09T17:19
Gait,Gait_Sensory,2019-06-12T16:53
Gait,Gait_Neuropathic,2018-03-27T07:27
Gait,Gait_Myopathic,2019-09-01T18:36
Gait,Gait_Hemiplegic,2018-10-30T11:33
Gait,Gait_Choreiform,2019-04-18T06:43
Gait,Gait_Hemiplegic,2019-06-18T05:26
Gait,Gait_Choreiform,2017-09-20T21:31
Gait,Gait_Myopathic,2019-09-21T13:04
Gait,Gait_Choreiform,2018-03-01T06:12
Gait,Gait_Parkinsonian,2018-03-12T12:09
Gait,Gait_Sensory,2017-11-15T11:54
Gait,Gait_Neuropathic,2017-10-02T06:23
Gait,Gait_Diplegic,2018-02-20T18:02
Gait,Gait_Parkinsonian,2019-01-07T12:53
Gait,Gait_Choreiform,2019-04-16T17:52
Gait,Gait_Neuropathic,2017-06-24T15:11
Gait,Gait_Diplegic,2018-07-18T15:45
Gait,Gait_Sensory,2018-03-15T01:44
Gait,Gait_Neuropathic,2017-12-13T13:41
Gait,Gait_Diplegic,2018-01-27T21:15
Gait,Gait_Sensory,2017-02-22T17:37
Gait,Gait_Diplegic,2019-05-29T16:48
Gait,Gait_Ataxic,2019-03-03T00:19
Gait,Gait_Sensory,2018-03-03T13:52
Gait,Gait_Sensory,2018-01-21T15:50
Gait,Gait_Sensory,2019-04-15T14:23
Gait,Gait_Parkinsonian,2019-03-12T12:07
Gait,Gait_Ataxic,2019-09-22T03:34
Gait,Gait_Parkinsonian,2018-09-25T12:47
Gait,Gait_Parkinsonian,2018-02-09T02:46
Gait,Gait_Choreiform,2019-03-12T05:35
Gait,Gait_Ataxic,2017-09-25T15:16
Gait,Gait_Sensory,2018-08-07T05:05
Gait,Gait_Sensory,2017-07-05T07:54
Gait,Gait_Choreiform,2019-07-19T21:29
Gait,Gait_Neuropathic,2019-04-23T10:20
Gait,Gait_Neuropathic,2018-11-18T23:31
Gait,Gait_Diplegic,2019-09-06T00:45
Gait,Gait_Ataxic,2018-04-26T11:38
Gait,Gait_Parkinsonian,2019-03-03T19:01
Gait,Gait_Ataxic,2017-09-01T09:14
Gait,Gait_Sensory,2019-01-08T12:02
Gait,Gait_Myopathic,2017-07-06T16:00
Gait,Gait_Neuropathic,2018-11-08T19:56
Gait,Gait_Ataxic,2017-11-30T06:57
Gait,Gait_Myopathic,2017-03-18T23:47
Gait,Gait_Parkinsonian,2017-12-30T04:53
Gait,Gait_Parkinsonian,2017-06-08T20:41
Gait,Gait_Choreiform,2018-02-14T22:31
Gait,Gait_Hemiplegic,2017-07-15T18:27
Gait,Gait_Myopathic,2019-04-21T11:33
Gait,Gait_Sensory,2017-04-18T19:11
Gait,Gait_Parkinsonian,2018-02-04T01:58
Gait,Gait_Ataxic,2017-10-11T03:04
Gait,Gait_Diplegic,2019-04-15T22:53
Gait,Gait_Myopathic,2018-03-27T13:59
Gait,Gait_Choreiform,2019-02-05T09:08
Gait,Gait_Ataxic,2017-12-15T07:17
Gait,Gait_Neuropathic,2018-12-19T17:42
Gait,Gait_Parkinsonian,2017-05-22T18:56
Gait,Gait_Neuropathic,2019-05-29T01:14
Gait,Gait_Myopathic,2019-05-26T18:36
Gait,Gait_Parkinsonian,2019-07-15T06:00
Gait,Gait_Myopathic,2017-07-11T19:57
Gait,Gait_Neuropathic,2017-11-05T20:32
Gait,Gait_Diplegic,2018-08-24T18:38
Gait,Gait_Myopathic,2018-10-19T17:32
Gait,Gait_Ataxic,2018-01-22T01:29
Gait,Gait_Hemiplegic,2017-09-13T22:54
Gait,Gait_Myopathic,2018-03-30T06:14
Gait,Gait_Ataxic,2018-03-13T04:49
Gait,Gait_Sensory,2017-12-07T01:23
Gait,Gait_Diplegic,2019-06-23T22:58
Gait,Gait_Sensory,2019-09-09T14:37
Gait,Gait_Sensory,2019-04-26T20:14
Gait,Gait_Neuropathic,2019-06-24T07:57
Gait,Gait_Ataxic,2017-03-07T20:43
Gait,Gait_Diplegic,2019-04-03T20:41
Gait,Gait_Sensory,2017-09-29T13:05
Gait,Gait_Neuropathic,2018-07-25T13:41
Gait,Gait_Ataxic,2019-03-19T00:55
Gait,Gait_Ataxic,2019-01-22T00:21
Gait,Gait_Diplegic,2017-12-16T00:44
Gait,Gait_Myopathic,2017-12-30T11:45
Gait,Gait_Choreiform,2019-03-06T07:01
Gait,Gait_Parkinsonian,2018-02-08T19:07
Gait,Gait_Neuropathic,2018-07-29T13:16
Gait,Gait_Parkinsonian,2017-07-12T11:50
Gait,Gait_Ataxic,2019-08-02T09:05
Gait,Gait_Diplegic,2018-05-19T00:27
Gait,Gait_Hemiplegic,2017-06-06T02:49
Gait,Gait_Parkinsonian,2018-12-08T21:03
Gait,Gait_Ataxic,2018-05-04T04:09
Gait,Gait_Diplegic,2017-09-25T12:05
Gait,Gait_Hemiplegic,2019-04-07T12:01
Gait,Gait_Myopathic,2019-06-01T21:59
Gait,Gait_Choreiform,2018-07-23T04:24
Gait,Gait_Parkinsonian,2018-03-21T23:08
Gait,Gait_Sensory,2019-09-21T22:57
Gait,Gait_Neuropathic,2018-03-04T03:24
Gait,Gait_Ataxic,2019-03-12T05:45
Gait,Gait_Ataxic,2018-12-26T23:25
Gait,Gait_Sensory,2017-01-08T01:55
Gait,Gait_Myopathic,2017-05-25T03:43
Gait,Gait_Ataxic,2017-10-05T02:42
Gait,Gait_Parkinsonian,2019-09-20T09:49
Gait,Gait_Hemiplegic,2018-07-09T11:55
Gait,Gait_Myopathic,2018-11-10T20:48
Gait,Gait_Sensory,2017-07-19T15:26
Gait,Gait_Diplegic,2019-07-07T13:37
Gait,Gait_Sensory,2018-02-22T07:03
Gait,Gait_Hemiplegic,2017-03-16T13:50
Gait,Gait_Parkinsonian,2018-07-24T19:43
Gait,Gait_Parkinsonian,2017-06-02T05:42
Gait,Gait_Ataxic,2018-08-02T10:23
Gait,Gait_Sensory,2018-03-04T12:05
Gait,Gait_Parkinsonian,2018-03-18T12:40
Gait,Gait_Myopathic,2018-03-12T04:55
Gait,Gait_Hemiplegic,2018-08-12T22:37
Gait,Gait_Parkinsonian,2019-05-18T07:42
Gait,Gait_Myopathic,2017-04-06T17:09
Gait,Gait_Neuropathic,2019-05-27T06:39
Gait,Gait_Myopathic,2019-03-12T17:34
Gait,Gait_Diplegic,2019-01-11T22:39
Gait,Gait_Ataxic,2018-06-30T07:40
Gait,Gait_Parkinsonian,2019-04-15T05:55
Gait,Gait_Parkinsonian,2018-04-09T03:23
Gait,Gait_Choreiform,2017-01-03T17:24
Gait,Gait_Hemiplegic,2018-03-30T13:43
Gait,Gait_Choreiform,2019-09-05T21:37
Gait,Gait_Ataxic,2017-12-07T15:38
Gait,Gait_Ataxic,2017-04-30T01:07
Gait,Gait_Neuropathic,2019-01-11T15:10
Gait,Gait_Diplegic,2018-05-02T06:59
Gait,Gait_Choreiform,2018-04-30T15:26
Gait,Gait_Parkinsonian,2019-08-30T08:49
Gait,Gait_Parkinsonian,2019-02-04T03:23
Gait,Gait_Hemiplegic,2018-01-07T16:24
Gait,Gait_Sensory,2019-08-29T06:59
Gait,Gait_Myopathic,2018-04-01T19:54
